filepath,tone,syllable,voice,condition,split
dataset_noisy/white_mild/tone1/a_tone1_fv1.wav,1,a,fv1,white_mild,train
dataset_noisy/white_mild/tone1/a_tone1_fv2.wav,1,a,fv2,white_mild,val
dataset_noisy/white_mild/tone1/a_tone1_fv3.wav,1,a,fv3,white_mild,val
dataset_noisy/white_mild/tone1/a_tone1_mv1.wav,1,a,mv1,white_mild,train
dataset_noisy/white_mild/tone1/a_tone1_mv2.wav,1,a,mv2,white_mild,train
dataset_noisy/white_mild/tone1/a_tone1_mv3.wav,1,a,mv3,white_mild,train
dataset_noisy/white_mild/tone1/ai_tone1_fv1.wav,1,ai,fv1,white_mild,train
dataset_noisy/white_mild/tone1/ai_tone1_fv2.wav,1,ai,fv2,white_mild,test
dataset_noisy/white_mild/tone1/ai_tone1_fv3.wav,1,ai,fv3,white_mild,train
dataset_noisy/white_mild/tone1/ai_tone1_mv1.wav,1,ai,mv1,white_mild,train
dataset_noisy/white_mild/tone1/ai_tone1_mv2.wav,1,ai,mv2,white_mild,test
dataset_noisy/white_mild/tone1/ai_tone1_mv3.wav,1,ai,mv3,white_mild,train
dataset_noisy/white_mild/tone1/an_tone1_fv1.wav,1,an,fv1,white_mild,train
dataset_noisy/white_mild/tone1/an_tone1_fv2.wav,1,an,fv2,white_mild,train
dataset_noisy/white_mild/tone1/an_tone1_fv3.wav,1,an,fv3,white_mild,train
dataset_noisy/white_mild/tone1/an_tone1_mv1.wav,1,an,mv1,white_mild,train
dataset_noisy/white_mild/tone1/an_tone1_mv2.wav,1,an,mv2,white_mild,train
dataset_noisy/white_mild/tone1/an_tone1_mv3.wav,1,an,mv3,white_mild,train
dataset_noisy/white_mild/tone1/ba_tone1_fv1.wav,1,ba,fv1,white_mild,test
dataset_noisy/white_mild/tone1/ba_tone1_fv2.wav,1,ba,fv2,white_mild,train
dataset_noisy/white_mild/tone1/ba_tone1_fv3.wav,1,ba,fv3,white_mild,val
dataset_noisy/white_mild/tone1/ba_tone1_mv1.wav,1,ba,mv1,white_mild,test
dataset_noisy/white_mild/tone1/ba_tone1_mv2.wav,1,ba,mv2,white_mild,test
dataset_noisy/white_mild/tone1/ba_tone1_mv3.wav,1,ba,mv3,white_mild,test
dataset_noisy/white_mild/tone1/da_tone1_fv1.wav,1,da,fv1,white_mild,train
dataset_noisy/white_mild/tone1/da_tone1_fv2.wav,1,da,fv2,white_mild,train
dataset_noisy/white_mild/tone1/da_tone1_fv3.wav,1,da,fv3,white_mild,train
dataset_noisy/white_mild/tone1/da_tone1_mv1.wav,1,da,mv1,white_mild,train
dataset_noisy/white_mild/tone1/da_tone1_mv2.wav,1,da,mv2,white_mild,train
dataset_noisy/white_mild/tone1/da_tone1_mv3.wav,1,da,mv3,white_mild,train
dataset_noisy/white_mild/tone1/ma_tone1_fv1.wav,1,ma,fv1,white_mild,train
dataset_noisy/white_mild/tone1/ma_tone1_fv2.wav,1,ma,fv2,white_mild,train
dataset_noisy/white_mild/tone1/ma_tone1_fv3.wav,1,ma,fv3,white_mild,train
dataset_noisy/white_mild/tone1/ma_tone1_mv1.wav,1,ma,mv1,white_mild,train
dataset_noisy/white_mild/tone1/ma_tone1_mv2.wav,1,ma,mv2,white_mild,train
dataset_noisy/white_mild/tone1/ma_tone1_mv3.wav,1,ma,mv3,white_mild,test
dataset_noisy/white_mild/tone1/mi_tone1_fv1.wav,1,mi,fv1,white_mild,train
dataset_noisy/white_mild/tone1/mi_tone1_fv2.wav,1,mi,fv2,white_mild,val
dataset_noisy/white_mild/tone1/mi_tone1_fv3.wav,1,mi,fv3,white_mild,val
dataset_noisy/white_mild/tone1/mi_tone1_mv1.wav,1,mi,mv1,white_mild,val
dataset_noisy/white_mild/tone1/mi_tone1_mv2.wav,1,mi,mv2,white_mild,train
dataset_noisy/white_mild/tone1/mi_tone1_mv3.wav,1,mi,mv3,white_mild,val
dataset_noisy/white_mild/tone1/tai_tone1_fv1.wav,1,tai,fv1,white_mild,test
dataset_noisy/white_mild/tone1/tai_tone1_fv2.wav,1,tai,fv2,white_mild,train
dataset_noisy/white_mild/tone1/tai_tone1_fv3.wav,1,tai,fv3,white_mild,train
dataset_noisy/white_mild/tone1/tai_tone1_mv1.wav,1,tai,mv1,white_mild,train
dataset_noisy/white_mild/tone1/tai_tone1_mv2.wav,1,tai,mv2,white_mild,train
dataset_noisy/white_mild/tone1/tai_tone1_mv3.wav,1,tai,mv3,white_mild,train
dataset_noisy/white_mild/tone2/a_tone2_fv1.wav,2,a,fv1,white_mild,train
dataset_noisy/white_mild/tone2/a_tone2_fv2.wav,2,a,fv2,white_mild,val
dataset_noisy/white_mild/tone2/a_tone2_fv3.wav,2,a,fv3,white_mild,train
dataset_noisy/white_mild/tone2/a_tone2_mv1.wav,2,a,mv1,white_mild,val
dataset_noisy/white_mild/tone2/a_tone2_mv2.wav,2,a,mv2,white_mild,train
dataset_noisy/white_mild/tone2/a_tone2_mv3.wav,2,a,mv3,white_mild,val
dataset_noisy/white_mild/tone2/ai_tone2_fv1.wav,2,ai,fv1,white_mild,val
dataset_noisy/white_mild/tone2/ai_tone2_fv2.wav,2,ai,fv2,white_mild,test
dataset_noisy/white_mild/tone2/ai_tone2_fv3.wav,2,ai,fv3,white_mild,train
dataset_noisy/white_mild/tone2/ai_tone2_mv1.wav,2,ai,mv1,white_mild,train
dataset_noisy/white_mild/tone2/ai_tone2_mv2.wav,2,ai,mv2,white_mild,train
dataset_noisy/white_mild/tone2/ai_tone2_mv3.wav,2,ai,mv3,white_mild,train
dataset_noisy/white_mild/tone2/an_tone2_fv1.wav,2,an,fv1,white_mild,train
dataset_noisy/white_mild/tone2/an_tone2_fv2.wav,2,an,fv2,white_mild,val
dataset_noisy/white_mild/tone2/an_tone2_fv3.wav,2,an,fv3,white_mild,train
dataset_noisy/white_mild/tone2/an_tone2_mv1.wav,2,an,mv1,white_mild,train
dataset_noisy/white_mild/tone2/an_tone2_mv2.wav,2,an,mv2,white_mild,test
dataset_noisy/white_mild/tone2/an_tone2_mv3.wav,2,an,mv3,white_mild,train
dataset_noisy/white_mild/tone2/ba_tone2_fv1.wav,2,ba,fv1,white_mild,train
dataset_noisy/white_mild/tone2/ba_tone2_fv2.wav,2,ba,fv2,white_mild,val
dataset_noisy/white_mild/tone2/ba_tone2_fv3.wav,2,ba,fv3,white_mild,train
dataset_noisy/white_mild/tone2/ba_tone2_mv1.wav,2,ba,mv1,white_mild,train
dataset_noisy/white_mild/tone2/ba_tone2_mv2.wav,2,ba,mv2,white_mild,train
dataset_noisy/white_mild/tone2/ba_tone2_mv3.wav,2,ba,mv3,white_mild,train
dataset_noisy/white_mild/tone2/da_tone2_fv1.wav,2,da,fv1,white_mild,train
dataset_noisy/white_mild/tone2/da_tone2_fv2.wav,2,da,fv2,white_mild,train
dataset_noisy/white_mild/tone2/da_tone2_fv3.wav,2,da,fv3,white_mild,train
dataset_noisy/white_mild/tone2/da_tone2_mv1.wav,2,da,mv1,white_mild,test
dataset_noisy/white_mild/tone2/da_tone2_mv2.wav,2,da,mv2,white_mild,train
dataset_noisy/white_mild/tone2/da_tone2_mv3.wav,2,da,mv3,white_mild,train
dataset_noisy/white_mild/tone2/ma_tone2_fv1.wav,2,ma,fv1,white_mild,train
dataset_noisy/white_mild/tone2/ma_tone2_fv2.wav,2,ma,fv2,white_mild,train
dataset_noisy/white_mild/tone2/ma_tone2_fv3.wav,2,ma,fv3,white_mild,train
dataset_noisy/white_mild/tone2/ma_tone2_mv1.wav,2,ma,mv1,white_mild,train
dataset_noisy/white_mild/tone2/ma_tone2_mv2.wav,2,ma,mv2,white_mild,val
dataset_noisy/white_mild/tone2/ma_tone2_mv3.wav,2,ma,mv3,white_mild,test
dataset_noisy/white_mild/tone2/mi_tone2_fv1.wav,2,mi,fv1,white_mild,train
dataset_noisy/white_mild/tone2/mi_tone2_fv2.wav,2,mi,fv2,white_mild,test
dataset_noisy/white_mild/tone2/mi_tone2_fv3.wav,2,mi,fv3,white_mild,train
dataset_noisy/white_mild/tone2/mi_tone2_mv1.wav,2,mi,mv1,white_mild,train
dataset_noisy/white_mild/tone2/mi_tone2_mv2.wav,2,mi,mv2,white_mild,train
dataset_noisy/white_mild/tone2/mi_tone2_mv3.wav,2,mi,mv3,white_mild,train
dataset_noisy/white_mild/tone2/tai_tone2_fv1.wav,2,tai,fv1,white_mild,train
dataset_noisy/white_mild/tone2/tai_tone2_fv2.wav,2,tai,fv2,white_mild,test
dataset_noisy/white_mild/tone2/tai_tone2_fv3.wav,2,tai,fv3,white_mild,train
dataset_noisy/white_mild/tone2/tai_tone2_mv1.wav,2,tai,mv1,white_mild,train
dataset_noisy/white_mild/tone2/tai_tone2_mv2.wav,2,tai,mv2,white_mild,train
dataset_noisy/white_mild/tone2/tai_tone2_mv3.wav,2,tai,mv3,white_mild,test
dataset_noisy/white_mild/tone3/a_tone3_fv1.wav,3,a,fv1,white_mild,train
dataset_noisy/white_mild/tone3/a_tone3_fv2.wav,3,a,fv2,white_mild,train
dataset_noisy/white_mild/tone3/a_tone3_fv3.wav,3,a,fv3,white_mild,train
dataset_noisy/white_mild/tone3/a_tone3_mv1.wav,3,a,mv1,white_mild,train
dataset_noisy/white_mild/tone3/a_tone3_mv2.wav,3,a,mv2,white_mild,test
dataset_noisy/white_mild/tone3/a_tone3_mv3.wav,3,a,mv3,white_mild,train
dataset_noisy/white_mild/tone3/ai_tone3_fv1.wav,3,ai,fv1,white_mild,test
dataset_noisy/white_mild/tone3/ai_tone3_fv2.wav,3,ai,fv2,white_mild,val
dataset_noisy/white_mild/tone3/ai_tone3_fv3.wav,3,ai,fv3,white_mild,test
dataset_noisy/white_mild/tone3/ai_tone3_mv1.wav,3,ai,mv1,white_mild,train
dataset_noisy/white_mild/tone3/ai_tone3_mv2.wav,3,ai,mv2,white_mild,train
dataset_noisy/white_mild/tone3/ai_tone3_mv3.wav,3,ai,mv3,white_mild,val
dataset_noisy/white_mild/tone3/an_tone3_fv1.wav,3,an,fv1,white_mild,train
dataset_noisy/white_mild/tone3/an_tone3_fv2.wav,3,an,fv2,white_mild,train
dataset_noisy/white_mild/tone3/an_tone3_fv3.wav,3,an,fv3,white_mild,train
dataset_noisy/white_mild/tone3/an_tone3_mv1.wav,3,an,mv1,white_mild,train
dataset_noisy/white_mild/tone3/an_tone3_mv2.wav,3,an,mv2,white_mild,val
dataset_noisy/white_mild/tone3/an_tone3_mv3.wav,3,an,mv3,white_mild,train
dataset_noisy/white_mild/tone3/ba_tone3_fv1.wav,3,ba,fv1,white_mild,train
dataset_noisy/white_mild/tone3/ba_tone3_fv2.wav,3,ba,fv2,white_mild,train
dataset_noisy/white_mild/tone3/ba_tone3_fv3.wav,3,ba,fv3,white_mild,train
dataset_noisy/white_mild/tone3/ba_tone3_mv1.wav,3,ba,mv1,white_mild,train
dataset_noisy/white_mild/tone3/ba_tone3_mv2.wav,3,ba,mv2,white_mild,train
dataset_noisy/white_mild/tone3/ba_tone3_mv3.wav,3,ba,mv3,white_mild,train
dataset_noisy/white_mild/tone3/da_tone3_fv1.wav,3,da,fv1,white_mild,train
dataset_noisy/white_mild/tone3/da_tone3_fv2.wav,3,da,fv2,white_mild,train
dataset_noisy/white_mild/tone3/da_tone3_fv3.wav,3,da,fv3,white_mild,train
dataset_noisy/white_mild/tone3/da_tone3_mv1.wav,3,da,mv1,white_mild,test
dataset_noisy/white_mild/tone3/da_tone3_mv2.wav,3,da,mv2,white_mild,train
dataset_noisy/white_mild/tone3/da_tone3_mv3.wav,3,da,mv3,white_mild,train
dataset_noisy/white_mild/tone3/ma_tone3_fv1.wav,3,ma,fv1,white_mild,train
dataset_noisy/white_mild/tone3/ma_tone3_fv2.wav,3,ma,fv2,white_mild,train
dataset_noisy/white_mild/tone3/ma_tone3_fv3.wav,3,ma,fv3,white_mild,test
dataset_noisy/white_mild/tone3/ma_tone3_mv1.wav,3,ma,mv1,white_mild,val
dataset_noisy/white_mild/tone3/ma_tone3_mv2.wav,3,ma,mv2,white_mild,val
dataset_noisy/white_mild/tone3/ma_tone3_mv3.wav,3,ma,mv3,white_mild,train
dataset_noisy/white_mild/tone3/mi_tone3_fv1.wav,3,mi,fv1,white_mild,train
dataset_noisy/white_mild/tone3/mi_tone3_fv2.wav,3,mi,fv2,white_mild,train
dataset_noisy/white_mild/tone3/mi_tone3_fv3.wav,3,mi,fv3,white_mild,test
dataset_noisy/white_mild/tone3/mi_tone3_mv1.wav,3,mi,mv1,white_mild,train
dataset_noisy/white_mild/tone3/mi_tone3_mv2.wav,3,mi,mv2,white_mild,train
dataset_noisy/white_mild/tone3/mi_tone3_mv3.wav,3,mi,mv3,white_mild,val
dataset_noisy/white_mild/tone3/tai_tone3_fv1.wav,3,tai,fv1,white_mild,train
dataset_noisy/white_mild/tone3/tai_tone3_fv2.wav,3,tai,fv2,white_mild,val
dataset_noisy/white_mild/tone3/tai_tone3_fv3.wav,3,tai,fv3,white_mild,train
dataset_noisy/white_mild/tone3/tai_tone3_mv1.wav,3,tai,mv1,white_mild,test
dataset_noisy/white_mild/tone3/tai_tone3_mv2.wav,3,tai,mv2,white_mild,val
dataset_noisy/white_mild/tone3/tai_tone3_mv3.wav,3,tai,mv3,white_mild,train
dataset_noisy/white_mild/tone4/a_tone4_fv1.wav,4,a,fv1,white_mild,train
dataset_noisy/white_mild/tone4/a_tone4_fv2.wav,4,a,fv2,white_mild,test
dataset_noisy/white_mild/tone4/a_tone4_fv3.wav,4,a,fv3,white_mild,train
dataset_noisy/white_mild/tone4/a_tone4_mv1.wav,4,a,mv1,white_mild,train
dataset_noisy/white_mild/tone4/a_tone4_mv2.wav,4,a,mv2,white_mild,train
dataset_noisy/white_mild/tone4/a_tone4_mv3.wav,4,a,mv3,white_mild,val
dataset_noisy/white_mild/tone4/ai_tone4_fv1.wav,4,ai,fv1,white_mild,val
dataset_noisy/white_mild/tone4/ai_tone4_fv2.wav,4,ai,fv2,white_mild,train
dataset_noisy/white_mild/tone4/ai_tone4_fv3.wav,4,ai,fv3,white_mild,train
dataset_noisy/white_mild/tone4/ai_tone4_mv1.wav,4,ai,mv1,white_mild,train
dataset_noisy/white_mild/tone4/ai_tone4_mv2.wav,4,ai,mv2,white_mild,train
dataset_noisy/white_mild/tone4/ai_tone4_mv3.wav,4,ai,mv3,white_mild,train
dataset_noisy/white_mild/tone4/an_tone4_fv1.wav,4,an,fv1,white_mild,val
dataset_noisy/white_mild/tone4/an_tone4_fv2.wav,4,an,fv2,white_mild,train
dataset_noisy/white_mild/tone4/an_tone4_fv3.wav,4,an,fv3,white_mild,val
dataset_noisy/white_mild/tone4/an_tone4_mv1.wav,4,an,mv1,white_mild,train
dataset_noisy/white_mild/tone4/an_tone4_mv2.wav,4,an,mv2,white_mild,train
dataset_noisy/white_mild/tone4/an_tone4_mv3.wav,4,an,mv3,white_mild,train
dataset_noisy/white_mild/tone4/ba_tone4_fv1.wav,4,ba,fv1,white_mild,train
dataset_noisy/white_mild/tone4/ba_tone4_fv2.wav,4,ba,fv2,white_mild,train
dataset_noisy/white_mild/tone4/ba_tone4_fv3.wav,4,ba,fv3,white_mild,train
dataset_noisy/white_mild/tone4/ba_tone4_mv1.wav,4,ba,mv1,white_mild,val
dataset_noisy/white_mild/tone4/ba_tone4_mv2.wav,4,ba,mv2,white_mild,test
dataset_noisy/white_mild/tone4/ba_tone4_mv3.wav,4,ba,mv3,white_mild,train
dataset_noisy/white_mild/tone4/da_tone4_fv1.wav,4,da,fv1,white_mild,train
dataset_noisy/white_mild/tone4/da_tone4_fv2.wav,4,da,fv2,white_mild,train
dataset_noisy/white_mild/tone4/da_tone4_fv3.wav,4,da,fv3,white_mild,train
dataset_noisy/white_mild/tone4/da_tone4_mv1.wav,4,da,mv1,white_mild,val
dataset_noisy/white_mild/tone4/da_tone4_mv2.wav,4,da,mv2,white_mild,test
dataset_noisy/white_mild/tone4/da_tone4_mv3.wav,4,da,mv3,white_mild,train
dataset_noisy/white_mild/tone4/ma_tone4_fv1.wav,4,ma,fv1,white_mild,train
dataset_noisy/white_mild/tone4/ma_tone4_fv2.wav,4,ma,fv2,white_mild,test
dataset_noisy/white_mild/tone4/ma_tone4_fv3.wav,4,ma,fv3,white_mild,train
dataset_noisy/white_mild/tone4/ma_tone4_mv1.wav,4,ma,mv1,white_mild,train
dataset_noisy/white_mild/tone4/ma_tone4_mv2.wav,4,ma,mv2,white_mild,train
dataset_noisy/white_mild/tone4/ma_tone4_mv3.wav,4,ma,mv3,white_mild,test
dataset_noisy/white_mild/tone4/mi_tone4_fv1.wav,4,mi,fv1,white_mild,train
dataset_noisy/white_mild/tone4/mi_tone4_fv2.wav,4,mi,fv2,white_mild,train
dataset_noisy/white_mild/tone4/mi_tone4_fv3.wav,4,mi,fv3,white_mild,val
dataset_noisy/white_mild/tone4/mi_tone4_mv1.wav,4,mi,mv1,white_mild,train
dataset_noisy/white_mild/tone4/mi_tone4_mv2.wav,4,mi,mv2,white_mild,train
dataset_noisy/white_mild/tone4/mi_tone4_mv3.wav,4,mi,mv3,white_mild,train
dataset_noisy/white_mild/tone4/tai_tone4_fv1.wav,4,tai,fv1,white_mild,test
dataset_noisy/white_mild/tone4/tai_tone4_fv2.wav,4,tai,fv2,white_mild,train
dataset_noisy/white_mild/tone4/tai_tone4_fv3.wav,4,tai,fv3,white_mild,test
dataset_noisy/white_mild/tone4/tai_tone4_mv1.wav,4,tai,mv1,white_mild,train
dataset_noisy/white_mild/tone4/tai_tone4_mv2.wav,4,tai,mv2,white_mild,train
dataset_noisy/white_mild/tone4/tai_tone4_mv3.wav,4,tai,mv3,white_mild,train
dataset_noisy/white_medium/tone1/a_tone1_fv1.wav,1,a,fv1,white_medium,train
dataset_noisy/white_medium/tone1/a_tone1_fv2.wav,1,a,fv2,white_medium,val
dataset_noisy/white_medium/tone1/a_tone1_fv3.wav,1,a,fv3,white_medium,val
dataset_noisy/white_medium/tone1/a_tone1_mv1.wav,1,a,mv1,white_medium,train
dataset_noisy/white_medium/tone1/a_tone1_mv2.wav,1,a,mv2,white_medium,train
dataset_noisy/white_medium/tone1/a_tone1_mv3.wav,1,a,mv3,white_medium,train
dataset_noisy/white_medium/tone1/ai_tone1_fv1.wav,1,ai,fv1,white_medium,train
dataset_noisy/white_medium/tone1/ai_tone1_fv2.wav,1,ai,fv2,white_medium,test
dataset_noisy/white_medium/tone1/ai_tone1_fv3.wav,1,ai,fv3,white_medium,train
dataset_noisy/white_medium/tone1/ai_tone1_mv1.wav,1,ai,mv1,white_medium,train
dataset_noisy/white_medium/tone1/ai_tone1_mv2.wav,1,ai,mv2,white_medium,test
dataset_noisy/white_medium/tone1/ai_tone1_mv3.wav,1,ai,mv3,white_medium,train
dataset_noisy/white_medium/tone1/an_tone1_fv1.wav,1,an,fv1,white_medium,train
dataset_noisy/white_medium/tone1/an_tone1_fv2.wav,1,an,fv2,white_medium,train
dataset_noisy/white_medium/tone1/an_tone1_fv3.wav,1,an,fv3,white_medium,train
dataset_noisy/white_medium/tone1/an_tone1_mv1.wav,1,an,mv1,white_medium,train
dataset_noisy/white_medium/tone1/an_tone1_mv2.wav,1,an,mv2,white_medium,train
dataset_noisy/white_medium/tone1/an_tone1_mv3.wav,1,an,mv3,white_medium,train
dataset_noisy/white_medium/tone1/ba_tone1_fv1.wav,1,ba,fv1,white_medium,test
dataset_noisy/white_medium/tone1/ba_tone1_fv2.wav,1,ba,fv2,white_medium,train
dataset_noisy/white_medium/tone1/ba_tone1_fv3.wav,1,ba,fv3,white_medium,val
dataset_noisy/white_medium/tone1/ba_tone1_mv1.wav,1,ba,mv1,white_medium,test
dataset_noisy/white_medium/tone1/ba_tone1_mv2.wav,1,ba,mv2,white_medium,test
dataset_noisy/white_medium/tone1/ba_tone1_mv3.wav,1,ba,mv3,white_medium,test
dataset_noisy/white_medium/tone1/da_tone1_fv1.wav,1,da,fv1,white_medium,train
dataset_noisy/white_medium/tone1/da_tone1_fv2.wav,1,da,fv2,white_medium,train
dataset_noisy/white_medium/tone1/da_tone1_fv3.wav,1,da,fv3,white_medium,train
dataset_noisy/white_medium/tone1/da_tone1_mv1.wav,1,da,mv1,white_medium,train
dataset_noisy/white_medium/tone1/da_tone1_mv2.wav,1,da,mv2,white_medium,train
dataset_noisy/white_medium/tone1/da_tone1_mv3.wav,1,da,mv3,white_medium,train
dataset_noisy/white_medium/tone1/ma_tone1_fv1.wav,1,ma,fv1,white_medium,train
dataset_noisy/white_medium/tone1/ma_tone1_fv2.wav,1,ma,fv2,white_medium,train
dataset_noisy/white_medium/tone1/ma_tone1_fv3.wav,1,ma,fv3,white_medium,train
dataset_noisy/white_medium/tone1/ma_tone1_mv1.wav,1,ma,mv1,white_medium,train
dataset_noisy/white_medium/tone1/ma_tone1_mv2.wav,1,ma,mv2,white_medium,train
dataset_noisy/white_medium/tone1/ma_tone1_mv3.wav,1,ma,mv3,white_medium,test
dataset_noisy/white_medium/tone1/mi_tone1_fv1.wav,1,mi,fv1,white_medium,train
dataset_noisy/white_medium/tone1/mi_tone1_fv2.wav,1,mi,fv2,white_medium,val
dataset_noisy/white_medium/tone1/mi_tone1_fv3.wav,1,mi,fv3,white_medium,val
dataset_noisy/white_medium/tone1/mi_tone1_mv1.wav,1,mi,mv1,white_medium,val
dataset_noisy/white_medium/tone1/mi_tone1_mv2.wav,1,mi,mv2,white_medium,train
dataset_noisy/white_medium/tone1/mi_tone1_mv3.wav,1,mi,mv3,white_medium,val
dataset_noisy/white_medium/tone1/tai_tone1_fv1.wav,1,tai,fv1,white_medium,test
dataset_noisy/white_medium/tone1/tai_tone1_fv2.wav,1,tai,fv2,white_medium,train
dataset_noisy/white_medium/tone1/tai_tone1_fv3.wav,1,tai,fv3,white_medium,train
dataset_noisy/white_medium/tone1/tai_tone1_mv1.wav,1,tai,mv1,white_medium,train
dataset_noisy/white_medium/tone1/tai_tone1_mv2.wav,1,tai,mv2,white_medium,train
dataset_noisy/white_medium/tone1/tai_tone1_mv3.wav,1,tai,mv3,white_medium,train
dataset_noisy/white_medium/tone2/a_tone2_fv1.wav,2,a,fv1,white_medium,train
dataset_noisy/white_medium/tone2/a_tone2_fv2.wav,2,a,fv2,white_medium,val
dataset_noisy/white_medium/tone2/a_tone2_fv3.wav,2,a,fv3,white_medium,train
dataset_noisy/white_medium/tone2/a_tone2_mv1.wav,2,a,mv1,white_medium,val
dataset_noisy/white_medium/tone2/a_tone2_mv2.wav,2,a,mv2,white_medium,train
dataset_noisy/white_medium/tone2/a_tone2_mv3.wav,2,a,mv3,white_medium,val
dataset_noisy/white_medium/tone2/ai_tone2_fv1.wav,2,ai,fv1,white_medium,val
dataset_noisy/white_medium/tone2/ai_tone2_fv2.wav,2,ai,fv2,white_medium,test
dataset_noisy/white_medium/tone2/ai_tone2_fv3.wav,2,ai,fv3,white_medium,train
dataset_noisy/white_medium/tone2/ai_tone2_mv1.wav,2,ai,mv1,white_medium,train
dataset_noisy/white_medium/tone2/ai_tone2_mv2.wav,2,ai,mv2,white_medium,train
dataset_noisy/white_medium/tone2/ai_tone2_mv3.wav,2,ai,mv3,white_medium,train
dataset_noisy/white_medium/tone2/an_tone2_fv1.wav,2,an,fv1,white_medium,train
dataset_noisy/white_medium/tone2/an_tone2_fv2.wav,2,an,fv2,white_medium,val
dataset_noisy/white_medium/tone2/an_tone2_fv3.wav,2,an,fv3,white_medium,train
dataset_noisy/white_medium/tone2/an_tone2_mv1.wav,2,an,mv1,white_medium,train
dataset_noisy/white_medium/tone2/an_tone2_mv2.wav,2,an,mv2,white_medium,test
dataset_noisy/white_medium/tone2/an_tone2_mv3.wav,2,an,mv3,white_medium,train
dataset_noisy/white_medium/tone2/ba_tone2_fv1.wav,2,ba,fv1,white_medium,train
dataset_noisy/white_medium/tone2/ba_tone2_fv2.wav,2,ba,fv2,white_medium,val
dataset_noisy/white_medium/tone2/ba_tone2_fv3.wav,2,ba,fv3,white_medium,train
dataset_noisy/white_medium/tone2/ba_tone2_mv1.wav,2,ba,mv1,white_medium,train
dataset_noisy/white_medium/tone2/ba_tone2_mv2.wav,2,ba,mv2,white_medium,train
dataset_noisy/white_medium/tone2/ba_tone2_mv3.wav,2,ba,mv3,white_medium,train
dataset_noisy/white_medium/tone2/da_tone2_fv1.wav,2,da,fv1,white_medium,train
dataset_noisy/white_medium/tone2/da_tone2_fv2.wav,2,da,fv2,white_medium,train
dataset_noisy/white_medium/tone2/da_tone2_fv3.wav,2,da,fv3,white_medium,train
dataset_noisy/white_medium/tone2/da_tone2_mv1.wav,2,da,mv1,white_medium,test
dataset_noisy/white_medium/tone2/da_tone2_mv2.wav,2,da,mv2,white_medium,train
dataset_noisy/white_medium/tone2/da_tone2_mv3.wav,2,da,mv3,white_medium,train
dataset_noisy/white_medium/tone2/ma_tone2_fv1.wav,2,ma,fv1,white_medium,train
dataset_noisy/white_medium/tone2/ma_tone2_fv2.wav,2,ma,fv2,white_medium,train
dataset_noisy/white_medium/tone2/ma_tone2_fv3.wav,2,ma,fv3,white_medium,train
dataset_noisy/white_medium/tone2/ma_tone2_mv1.wav,2,ma,mv1,white_medium,train
dataset_noisy/white_medium/tone2/ma_tone2_mv2.wav,2,ma,mv2,white_medium,val
dataset_noisy/white_medium/tone2/ma_tone2_mv3.wav,2,ma,mv3,white_medium,test
dataset_noisy/white_medium/tone2/mi_tone2_fv1.wav,2,mi,fv1,white_medium,train
dataset_noisy/white_medium/tone2/mi_tone2_fv2.wav,2,mi,fv2,white_medium,test
dataset_noisy/white_medium/tone2/mi_tone2_fv3.wav,2,mi,fv3,white_medium,train
dataset_noisy/white_medium/tone2/mi_tone2_mv1.wav,2,mi,mv1,white_medium,train
dataset_noisy/white_medium/tone2/mi_tone2_mv2.wav,2,mi,mv2,white_medium,train
dataset_noisy/white_medium/tone2/mi_tone2_mv3.wav,2,mi,mv3,white_medium,train
dataset_noisy/white_medium/tone2/tai_tone2_fv1.wav,2,tai,fv1,white_medium,train
dataset_noisy/white_medium/tone2/tai_tone2_fv2.wav,2,tai,fv2,white_medium,test
dataset_noisy/white_medium/tone2/tai_tone2_fv3.wav,2,tai,fv3,white_medium,train
dataset_noisy/white_medium/tone2/tai_tone2_mv1.wav,2,tai,mv1,white_medium,train
dataset_noisy/white_medium/tone2/tai_tone2_mv2.wav,2,tai,mv2,white_medium,train
dataset_noisy/white_medium/tone2/tai_tone2_mv3.wav,2,tai,mv3,white_medium,test
dataset_noisy/white_medium/tone3/a_tone3_fv1.wav,3,a,fv1,white_medium,train
dataset_noisy/white_medium/tone3/a_tone3_fv2.wav,3,a,fv2,white_medium,train
dataset_noisy/white_medium/tone3/a_tone3_fv3.wav,3,a,fv3,white_medium,train
dataset_noisy/white_medium/tone3/a_tone3_mv1.wav,3,a,mv1,white_medium,train
dataset_noisy/white_medium/tone3/a_tone3_mv2.wav,3,a,mv2,white_medium,test
dataset_noisy/white_medium/tone3/a_tone3_mv3.wav,3,a,mv3,white_medium,train
dataset_noisy/white_medium/tone3/ai_tone3_fv1.wav,3,ai,fv1,white_medium,test
dataset_noisy/white_medium/tone3/ai_tone3_fv2.wav,3,ai,fv2,white_medium,val
dataset_noisy/white_medium/tone3/ai_tone3_fv3.wav,3,ai,fv3,white_medium,test
dataset_noisy/white_medium/tone3/ai_tone3_mv1.wav,3,ai,mv1,white_medium,train
dataset_noisy/white_medium/tone3/ai_tone3_mv2.wav,3,ai,mv2,white_medium,train
dataset_noisy/white_medium/tone3/ai_tone3_mv3.wav,3,ai,mv3,white_medium,val
dataset_noisy/white_medium/tone3/an_tone3_fv1.wav,3,an,fv1,white_medium,train
dataset_noisy/white_medium/tone3/an_tone3_fv2.wav,3,an,fv2,white_medium,train
dataset_noisy/white_medium/tone3/an_tone3_fv3.wav,3,an,fv3,white_medium,train
dataset_noisy/white_medium/tone3/an_tone3_mv1.wav,3,an,mv1,white_medium,train
dataset_noisy/white_medium/tone3/an_tone3_mv2.wav,3,an,mv2,white_medium,val
dataset_noisy/white_medium/tone3/an_tone3_mv3.wav,3,an,mv3,white_medium,train
dataset_noisy/white_medium/tone3/ba_tone3_fv1.wav,3,ba,fv1,white_medium,train
dataset_noisy/white_medium/tone3/ba_tone3_fv2.wav,3,ba,fv2,white_medium,train
dataset_noisy/white_medium/tone3/ba_tone3_fv3.wav,3,ba,fv3,white_medium,train
dataset_noisy/white_medium/tone3/ba_tone3_mv1.wav,3,ba,mv1,white_medium,train
dataset_noisy/white_medium/tone3/ba_tone3_mv2.wav,3,ba,mv2,white_medium,train
dataset_noisy/white_medium/tone3/ba_tone3_mv3.wav,3,ba,mv3,white_medium,train
dataset_noisy/white_medium/tone3/da_tone3_fv1.wav,3,da,fv1,white_medium,train
dataset_noisy/white_medium/tone3/da_tone3_fv2.wav,3,da,fv2,white_medium,train
dataset_noisy/white_medium/tone3/da_tone3_fv3.wav,3,da,fv3,white_medium,train
dataset_noisy/white_medium/tone3/da_tone3_mv1.wav,3,da,mv1,white_medium,test
dataset_noisy/white_medium/tone3/da_tone3_mv2.wav,3,da,mv2,white_medium,train
dataset_noisy/white_medium/tone3/da_tone3_mv3.wav,3,da,mv3,white_medium,train
dataset_noisy/white_medium/tone3/ma_tone3_fv1.wav,3,ma,fv1,white_medium,train
dataset_noisy/white_medium/tone3/ma_tone3_fv2.wav,3,ma,fv2,white_medium,train
dataset_noisy/white_medium/tone3/ma_tone3_fv3.wav,3,ma,fv3,white_medium,test
dataset_noisy/white_medium/tone3/ma_tone3_mv1.wav,3,ma,mv1,white_medium,val
dataset_noisy/white_medium/tone3/ma_tone3_mv2.wav,3,ma,mv2,white_medium,val
dataset_noisy/white_medium/tone3/ma_tone3_mv3.wav,3,ma,mv3,white_medium,train
dataset_noisy/white_medium/tone3/mi_tone3_fv1.wav,3,mi,fv1,white_medium,train
dataset_noisy/white_medium/tone3/mi_tone3_fv2.wav,3,mi,fv2,white_medium,train
dataset_noisy/white_medium/tone3/mi_tone3_fv3.wav,3,mi,fv3,white_medium,test
dataset_noisy/white_medium/tone3/mi_tone3_mv1.wav,3,mi,mv1,white_medium,train
dataset_noisy/white_medium/tone3/mi_tone3_mv2.wav,3,mi,mv2,white_medium,train
dataset_noisy/white_medium/tone3/mi_tone3_mv3.wav,3,mi,mv3,white_medium,val
dataset_noisy/white_medium/tone3/tai_tone3_fv1.wav,3,tai,fv1,white_medium,train
dataset_noisy/white_medium/tone3/tai_tone3_fv2.wav,3,tai,fv2,white_medium,val
dataset_noisy/white_medium/tone3/tai_tone3_fv3.wav,3,tai,fv3,white_medium,train
dataset_noisy/white_medium/tone3/tai_tone3_mv1.wav,3,tai,mv1,white_medium,test
dataset_noisy/white_medium/tone3/tai_tone3_mv2.wav,3,tai,mv2,white_medium,val
dataset_noisy/white_medium/tone3/tai_tone3_mv3.wav,3,tai,mv3,white_medium,train
dataset_noisy/white_medium/tone4/a_tone4_fv1.wav,4,a,fv1,white_medium,train
dataset_noisy/white_medium/tone4/a_tone4_fv2.wav,4,a,fv2,white_medium,test
dataset_noisy/white_medium/tone4/a_tone4_fv3.wav,4,a,fv3,white_medium,train
dataset_noisy/white_medium/tone4/a_tone4_mv1.wav,4,a,mv1,white_medium,train
dataset_noisy/white_medium/tone4/a_tone4_mv2.wav,4,a,mv2,white_medium,train
dataset_noisy/white_medium/tone4/a_tone4_mv3.wav,4,a,mv3,white_medium,val
dataset_noisy/white_medium/tone4/ai_tone4_fv1.wav,4,ai,fv1,white_medium,val
dataset_noisy/white_medium/tone4/ai_tone4_fv2.wav,4,ai,fv2,white_medium,train
dataset_noisy/white_medium/tone4/ai_tone4_fv3.wav,4,ai,fv3,white_medium,train
dataset_noisy/white_medium/tone4/ai_tone4_mv1.wav,4,ai,mv1,white_medium,train
dataset_noisy/white_medium/tone4/ai_tone4_mv2.wav,4,ai,mv2,white_medium,train
dataset_noisy/white_medium/tone4/ai_tone4_mv3.wav,4,ai,mv3,white_medium,train
dataset_noisy/white_medium/tone4/an_tone4_fv1.wav,4,an,fv1,white_medium,val
dataset_noisy/white_medium/tone4/an_tone4_fv2.wav,4,an,fv2,white_medium,train
dataset_noisy/white_medium/tone4/an_tone4_fv3.wav,4,an,fv3,white_medium,val
dataset_noisy/white_medium/tone4/an_tone4_mv1.wav,4,an,mv1,white_medium,train
dataset_noisy/white_medium/tone4/an_tone4_mv2.wav,4,an,mv2,white_medium,train
dataset_noisy/white_medium/tone4/an_tone4_mv3.wav,4,an,mv3,white_medium,train
dataset_noisy/white_medium/tone4/ba_tone4_fv1.wav,4,ba,fv1,white_medium,train
dataset_noisy/white_medium/tone4/ba_tone4_fv2.wav,4,ba,fv2,white_medium,train
dataset_noisy/white_medium/tone4/ba_tone4_fv3.wav,4,ba,fv3,white_medium,train
dataset_noisy/white_medium/tone4/ba_tone4_mv1.wav,4,ba,mv1,white_medium,val
dataset_noisy/white_medium/tone4/ba_tone4_mv2.wav,4,ba,mv2,white_medium,test
dataset_noisy/white_medium/tone4/ba_tone4_mv3.wav,4,ba,mv3,white_medium,train
dataset_noisy/white_medium/tone4/da_tone4_fv1.wav,4,da,fv1,white_medium,train
dataset_noisy/white_medium/tone4/da_tone4_fv2.wav,4,da,fv2,white_medium,train
dataset_noisy/white_medium/tone4/da_tone4_fv3.wav,4,da,fv3,white_medium,train
dataset_noisy/white_medium/tone4/da_tone4_mv1.wav,4,da,mv1,white_medium,val
dataset_noisy/white_medium/tone4/da_tone4_mv2.wav,4,da,mv2,white_medium,test
dataset_noisy/white_medium/tone4/da_tone4_mv3.wav,4,da,mv3,white_medium,train
dataset_noisy/white_medium/tone4/ma_tone4_fv1.wav,4,ma,fv1,white_medium,train
dataset_noisy/white_medium/tone4/ma_tone4_fv2.wav,4,ma,fv2,white_medium,test
dataset_noisy/white_medium/tone4/ma_tone4_fv3.wav,4,ma,fv3,white_medium,train
dataset_noisy/white_medium/tone4/ma_tone4_mv1.wav,4,ma,mv1,white_medium,train
dataset_noisy/white_medium/tone4/ma_tone4_mv2.wav,4,ma,mv2,white_medium,train
dataset_noisy/white_medium/tone4/ma_tone4_mv3.wav,4,ma,mv3,white_medium,test
dataset_noisy/white_medium/tone4/mi_tone4_fv1.wav,4,mi,fv1,white_medium,train
dataset_noisy/white_medium/tone4/mi_tone4_fv2.wav,4,mi,fv2,white_medium,train
dataset_noisy/white_medium/tone4/mi_tone4_fv3.wav,4,mi,fv3,white_medium,val
dataset_noisy/white_medium/tone4/mi_tone4_mv1.wav,4,mi,mv1,white_medium,train
dataset_noisy/white_medium/tone4/mi_tone4_mv2.wav,4,mi,mv2,white_medium,train
dataset_noisy/white_medium/tone4/mi_tone4_mv3.wav,4,mi,mv3,white_medium,train
dataset_noisy/white_medium/tone4/tai_tone4_fv1.wav,4,tai,fv1,white_medium,test
dataset_noisy/white_medium/tone4/tai_tone4_fv2.wav,4,tai,fv2,white_medium,train
dataset_noisy/white_medium/tone4/tai_tone4_fv3.wav,4,tai,fv3,white_medium,test
dataset_noisy/white_medium/tone4/tai_tone4_mv1.wav,4,tai,mv1,white_medium,train
dataset_noisy/white_medium/tone4/tai_tone4_mv2.wav,4,tai,mv2,white_medium,train
dataset_noisy/white_medium/tone4/tai_tone4_mv3.wav,4,tai,mv3,white_medium,train
dataset_noisy/white_strong/tone1/a_tone1_fv1.wav,1,a,fv1,white_strong,train
dataset_noisy/white_strong/tone1/a_tone1_fv2.wav,1,a,fv2,white_strong,val
dataset_noisy/white_strong/tone1/a_tone1_fv3.wav,1,a,fv3,white_strong,val
dataset_noisy/white_strong/tone1/a_tone1_mv1.wav,1,a,mv1,white_strong,train
dataset_noisy/white_strong/tone1/a_tone1_mv2.wav,1,a,mv2,white_strong,train
dataset_noisy/white_strong/tone1/a_tone1_mv3.wav,1,a,mv3,white_strong,train
dataset_noisy/white_strong/tone1/ai_tone1_fv1.wav,1,ai,fv1,white_strong,train
dataset_noisy/white_strong/tone1/ai_tone1_fv2.wav,1,ai,fv2,white_strong,test
dataset_noisy/white_strong/tone1/ai_tone1_fv3.wav,1,ai,fv3,white_strong,train
dataset_noisy/white_strong/tone1/ai_tone1_mv1.wav,1,ai,mv1,white_strong,train
dataset_noisy/white_strong/tone1/ai_tone1_mv2.wav,1,ai,mv2,white_strong,test
dataset_noisy/white_strong/tone1/ai_tone1_mv3.wav,1,ai,mv3,white_strong,train
dataset_noisy/white_strong/tone1/an_tone1_fv1.wav,1,an,fv1,white_strong,train
dataset_noisy/white_strong/tone1/an_tone1_fv2.wav,1,an,fv2,white_strong,train
dataset_noisy/white_strong/tone1/an_tone1_fv3.wav,1,an,fv3,white_strong,train
dataset_noisy/white_strong/tone1/an_tone1_mv1.wav,1,an,mv1,white_strong,train
dataset_noisy/white_strong/tone1/an_tone1_mv2.wav,1,an,mv2,white_strong,train
dataset_noisy/white_strong/tone1/an_tone1_mv3.wav,1,an,mv3,white_strong,train
dataset_noisy/white_strong/tone1/ba_tone1_fv1.wav,1,ba,fv1,white_strong,test
dataset_noisy/white_strong/tone1/ba_tone1_fv2.wav,1,ba,fv2,white_strong,train
dataset_noisy/white_strong/tone1/ba_tone1_fv3.wav,1,ba,fv3,white_strong,val
dataset_noisy/white_strong/tone1/ba_tone1_mv1.wav,1,ba,mv1,white_strong,test
dataset_noisy/white_strong/tone1/ba_tone1_mv2.wav,1,ba,mv2,white_strong,test
dataset_noisy/white_strong/tone1/ba_tone1_mv3.wav,1,ba,mv3,white_strong,test
dataset_noisy/white_strong/tone1/da_tone1_fv1.wav,1,da,fv1,white_strong,train
dataset_noisy/white_strong/tone1/da_tone1_fv2.wav,1,da,fv2,white_strong,train
dataset_noisy/white_strong/tone1/da_tone1_fv3.wav,1,da,fv3,white_strong,train
dataset_noisy/white_strong/tone1/da_tone1_mv1.wav,1,da,mv1,white_strong,train
dataset_noisy/white_strong/tone1/da_tone1_mv2.wav,1,da,mv2,white_strong,train
dataset_noisy/white_strong/tone1/da_tone1_mv3.wav,1,da,mv3,white_strong,train
dataset_noisy/white_strong/tone1/ma_tone1_fv1.wav,1,ma,fv1,white_strong,train
dataset_noisy/white_strong/tone1/ma_tone1_fv2.wav,1,ma,fv2,white_strong,train
dataset_noisy/white_strong/tone1/ma_tone1_fv3.wav,1,ma,fv3,white_strong,train
dataset_noisy/white_strong/tone1/ma_tone1_mv1.wav,1,ma,mv1,white_strong,train
dataset_noisy/white_strong/tone1/ma_tone1_mv2.wav,1,ma,mv2,white_strong,train
dataset_noisy/white_strong/tone1/ma_tone1_mv3.wav,1,ma,mv3,white_strong,test
dataset_noisy/white_strong/tone1/mi_tone1_fv1.wav,1,mi,fv1,white_strong,train
dataset_noisy/white_strong/tone1/mi_tone1_fv2.wav,1,mi,fv2,white_strong,val
dataset_noisy/white_strong/tone1/mi_tone1_fv3.wav,1,mi,fv3,white_strong,val
dataset_noisy/white_strong/tone1/mi_tone1_mv1.wav,1,mi,mv1,white_strong,val
dataset_noisy/white_strong/tone1/mi_tone1_mv2.wav,1,mi,mv2,white_strong,train
dataset_noisy/white_strong/tone1/mi_tone1_mv3.wav,1,mi,mv3,white_strong,val
dataset_noisy/white_strong/tone1/tai_tone1_fv1.wav,1,tai,fv1,white_strong,test
dataset_noisy/white_strong/tone1/tai_tone1_fv2.wav,1,tai,fv2,white_strong,train
dataset_noisy/white_strong/tone1/tai_tone1_fv3.wav,1,tai,fv3,white_strong,train
dataset_noisy/white_strong/tone1/tai_tone1_mv1.wav,1,tai,mv1,white_strong,train
dataset_noisy/white_strong/tone1/tai_tone1_mv2.wav,1,tai,mv2,white_strong,train
dataset_noisy/white_strong/tone1/tai_tone1_mv3.wav,1,tai,mv3,white_strong,train
dataset_noisy/white_strong/tone2/a_tone2_fv1.wav,2,a,fv1,white_strong,train
dataset_noisy/white_strong/tone2/a_tone2_fv2.wav,2,a,fv2,white_strong,val
dataset_noisy/white_strong/tone2/a_tone2_fv3.wav,2,a,fv3,white_strong,train
dataset_noisy/white_strong/tone2/a_tone2_mv1.wav,2,a,mv1,white_strong,val
dataset_noisy/white_strong/tone2/a_tone2_mv2.wav,2,a,mv2,white_strong,train
dataset_noisy/white_strong/tone2/a_tone2_mv3.wav,2,a,mv3,white_strong,val
dataset_noisy/white_strong/tone2/ai_tone2_fv1.wav,2,ai,fv1,white_strong,val
dataset_noisy/white_strong/tone2/ai_tone2_fv2.wav,2,ai,fv2,white_strong,test
dataset_noisy/white_strong/tone2/ai_tone2_fv3.wav,2,ai,fv3,white_strong,train
dataset_noisy/white_strong/tone2/ai_tone2_mv1.wav,2,ai,mv1,white_strong,train
dataset_noisy/white_strong/tone2/ai_tone2_mv2.wav,2,ai,mv2,white_strong,train
dataset_noisy/white_strong/tone2/ai_tone2_mv3.wav,2,ai,mv3,white_strong,train
dataset_noisy/white_strong/tone2/an_tone2_fv1.wav,2,an,fv1,white_strong,train
dataset_noisy/white_strong/tone2/an_tone2_fv2.wav,2,an,fv2,white_strong,val
dataset_noisy/white_strong/tone2/an_tone2_fv3.wav,2,an,fv3,white_strong,train
dataset_noisy/white_strong/tone2/an_tone2_mv1.wav,2,an,mv1,white_strong,train
dataset_noisy/white_strong/tone2/an_tone2_mv2.wav,2,an,mv2,white_strong,test
dataset_noisy/white_strong/tone2/an_tone2_mv3.wav,2,an,mv3,white_strong,train
dataset_noisy/white_strong/tone2/ba_tone2_fv1.wav,2,ba,fv1,white_strong,train
dataset_noisy/white_strong/tone2/ba_tone2_fv2.wav,2,ba,fv2,white_strong,val
dataset_noisy/white_strong/tone2/ba_tone2_fv3.wav,2,ba,fv3,white_strong,train
dataset_noisy/white_strong/tone2/ba_tone2_mv1.wav,2,ba,mv1,white_strong,train
dataset_noisy/white_strong/tone2/ba_tone2_mv2.wav,2,ba,mv2,white_strong,train
dataset_noisy/white_strong/tone2/ba_tone2_mv3.wav,2,ba,mv3,white_strong,train
dataset_noisy/white_strong/tone2/da_tone2_fv1.wav,2,da,fv1,white_strong,train
dataset_noisy/white_strong/tone2/da_tone2_fv2.wav,2,da,fv2,white_strong,train
dataset_noisy/white_strong/tone2/da_tone2_fv3.wav,2,da,fv3,white_strong,train
dataset_noisy/white_strong/tone2/da_tone2_mv1.wav,2,da,mv1,white_strong,test
dataset_noisy/white_strong/tone2/da_tone2_mv2.wav,2,da,mv2,white_strong,train
dataset_noisy/white_strong/tone2/da_tone2_mv3.wav,2,da,mv3,white_strong,train
dataset_noisy/white_strong/tone2/ma_tone2_fv1.wav,2,ma,fv1,white_strong,train
dataset_noisy/white_strong/tone2/ma_tone2_fv2.wav,2,ma,fv2,white_strong,train
dataset_noisy/white_strong/tone2/ma_tone2_fv3.wav,2,ma,fv3,white_strong,train
dataset_noisy/white_strong/tone2/ma_tone2_mv1.wav,2,ma,mv1,white_strong,train
dataset_noisy/white_strong/tone2/ma_tone2_mv2.wav,2,ma,mv2,white_strong,val
dataset_noisy/white_strong/tone2/ma_tone2_mv3.wav,2,ma,mv3,white_strong,test
dataset_noisy/white_strong/tone2/mi_tone2_fv1.wav,2,mi,fv1,white_strong,train
dataset_noisy/white_strong/tone2/mi_tone2_fv2.wav,2,mi,fv2,white_strong,test
dataset_noisy/white_strong/tone2/mi_tone2_fv3.wav,2,mi,fv3,white_strong,train
dataset_noisy/white_strong/tone2/mi_tone2_mv1.wav,2,mi,mv1,white_strong,train
dataset_noisy/white_strong/tone2/mi_tone2_mv2.wav,2,mi,mv2,white_strong,train
dataset_noisy/white_strong/tone2/mi_tone2_mv3.wav,2,mi,mv3,white_strong,train
dataset_noisy/white_strong/tone2/tai_tone2_fv1.wav,2,tai,fv1,white_strong,train
dataset_noisy/white_strong/tone2/tai_tone2_fv2.wav,2,tai,fv2,white_strong,test
dataset_noisy/white_strong/tone2/tai_tone2_fv3.wav,2,tai,fv3,white_strong,train
dataset_noisy/white_strong/tone2/tai_tone2_mv1.wav,2,tai,mv1,white_strong,train
dataset_noisy/white_strong/tone2/tai_tone2_mv2.wav,2,tai,mv2,white_strong,train
dataset_noisy/white_strong/tone2/tai_tone2_mv3.wav,2,tai,mv3,white_strong,test
dataset_noisy/white_strong/tone3/a_tone3_fv1.wav,3,a,fv1,white_strong,train
dataset_noisy/white_strong/tone3/a_tone3_fv2.wav,3,a,fv2,white_strong,train
dataset_noisy/white_strong/tone3/a_tone3_fv3.wav,3,a,fv3,white_strong,train
dataset_noisy/white_strong/tone3/a_tone3_mv1.wav,3,a,mv1,white_strong,train
dataset_noisy/white_strong/tone3/a_tone3_mv2.wav,3,a,mv2,white_strong,test
dataset_noisy/white_strong/tone3/a_tone3_mv3.wav,3,a,mv3,white_strong,train
dataset_noisy/white_strong/tone3/ai_tone3_fv1.wav,3,ai,fv1,white_strong,test
dataset_noisy/white_strong/tone3/ai_tone3_fv2.wav,3,ai,fv2,white_strong,val
dataset_noisy/white_strong/tone3/ai_tone3_fv3.wav,3,ai,fv3,white_strong,test
dataset_noisy/white_strong/tone3/ai_tone3_mv1.wav,3,ai,mv1,white_strong,train
dataset_noisy/white_strong/tone3/ai_tone3_mv2.wav,3,ai,mv2,white_strong,train
dataset_noisy/white_strong/tone3/ai_tone3_mv3.wav,3,ai,mv3,white_strong,val
dataset_noisy/white_strong/tone3/an_tone3_fv1.wav,3,an,fv1,white_strong,train
dataset_noisy/white_strong/tone3/an_tone3_fv2.wav,3,an,fv2,white_strong,train
dataset_noisy/white_strong/tone3/an_tone3_fv3.wav,3,an,fv3,white_strong,train
dataset_noisy/white_strong/tone3/an_tone3_mv1.wav,3,an,mv1,white_strong,train
dataset_noisy/white_strong/tone3/an_tone3_mv2.wav,3,an,mv2,white_strong,val
dataset_noisy/white_strong/tone3/an_tone3_mv3.wav,3,an,mv3,white_strong,train
dataset_noisy/white_strong/tone3/ba_tone3_fv1.wav,3,ba,fv1,white_strong,train
dataset_noisy/white_strong/tone3/ba_tone3_fv2.wav,3,ba,fv2,white_strong,train
dataset_noisy/white_strong/tone3/ba_tone3_fv3.wav,3,ba,fv3,white_strong,train
dataset_noisy/white_strong/tone3/ba_tone3_mv1.wav,3,ba,mv1,white_strong,train
dataset_noisy/white_strong/tone3/ba_tone3_mv2.wav,3,ba,mv2,white_strong,train
dataset_noisy/white_strong/tone3/ba_tone3_mv3.wav,3,ba,mv3,white_strong,train
dataset_noisy/white_strong/tone3/da_tone3_fv1.wav,3,da,fv1,white_strong,train
dataset_noisy/white_strong/tone3/da_tone3_fv2.wav,3,da,fv2,white_strong,train
dataset_noisy/white_strong/tone3/da_tone3_fv3.wav,3,da,fv3,white_strong,train
dataset_noisy/white_strong/tone3/da_tone3_mv1.wav,3,da,mv1,white_strong,test
dataset_noisy/white_strong/tone3/da_tone3_mv2.wav,3,da,mv2,white_strong,train
dataset_noisy/white_strong/tone3/da_tone3_mv3.wav,3,da,mv3,white_strong,train
dataset_noisy/white_strong/tone3/ma_tone3_fv1.wav,3,ma,fv1,white_strong,train
dataset_noisy/white_strong/tone3/ma_tone3_fv2.wav,3,ma,fv2,white_strong,train
dataset_noisy/white_strong/tone3/ma_tone3_fv3.wav,3,ma,fv3,white_strong,test
dataset_noisy/white_strong/tone3/ma_tone3_mv1.wav,3,ma,mv1,white_strong,val
dataset_noisy/white_strong/tone3/ma_tone3_mv2.wav,3,ma,mv2,white_strong,val
dataset_noisy/white_strong/tone3/ma_tone3_mv3.wav,3,ma,mv3,white_strong,train
dataset_noisy/white_strong/tone3/mi_tone3_fv1.wav,3,mi,fv1,white_strong,train
dataset_noisy/white_strong/tone3/mi_tone3_fv2.wav,3,mi,fv2,white_strong,train
dataset_noisy/white_strong/tone3/mi_tone3_fv3.wav,3,mi,fv3,white_strong,test
dataset_noisy/white_strong/tone3/mi_tone3_mv1.wav,3,mi,mv1,white_strong,train
dataset_noisy/white_strong/tone3/mi_tone3_mv2.wav,3,mi,mv2,white_strong,train
dataset_noisy/white_strong/tone3/mi_tone3_mv3.wav,3,mi,mv3,white_strong,val
dataset_noisy/white_strong/tone3/tai_tone3_fv1.wav,3,tai,fv1,white_strong,train
dataset_noisy/white_strong/tone3/tai_tone3_fv2.wav,3,tai,fv2,white_strong,val
dataset_noisy/white_strong/tone3/tai_tone3_fv3.wav,3,tai,fv3,white_strong,train
dataset_noisy/white_strong/tone3/tai_tone3_mv1.wav,3,tai,mv1,white_strong,test
dataset_noisy/white_strong/tone3/tai_tone3_mv2.wav,3,tai,mv2,white_strong,val
dataset_noisy/white_strong/tone3/tai_tone3_mv3.wav,3,tai,mv3,white_strong,train
dataset_noisy/white_strong/tone4/a_tone4_fv1.wav,4,a,fv1,white_strong,train
dataset_noisy/white_strong/tone4/a_tone4_fv2.wav,4,a,fv2,white_strong,test
dataset_noisy/white_strong/tone4/a_tone4_fv3.wav,4,a,fv3,white_strong,train
dataset_noisy/white_strong/tone4/a_tone4_mv1.wav,4,a,mv1,white_strong,train
dataset_noisy/white_strong/tone4/a_tone4_mv2.wav,4,a,mv2,white_strong,train
dataset_noisy/white_strong/tone4/a_tone4_mv3.wav,4,a,mv3,white_strong,val
dataset_noisy/white_strong/tone4/ai_tone4_fv1.wav,4,ai,fv1,white_strong,val
dataset_noisy/white_strong/tone4/ai_tone4_fv2.wav,4,ai,fv2,white_strong,train
dataset_noisy/white_strong/tone4/ai_tone4_fv3.wav,4,ai,fv3,white_strong,train
dataset_noisy/white_strong/tone4/ai_tone4_mv1.wav,4,ai,mv1,white_strong,train
dataset_noisy/white_strong/tone4/ai_tone4_mv2.wav,4,ai,mv2,white_strong,train
dataset_noisy/white_strong/tone4/ai_tone4_mv3.wav,4,ai,mv3,white_strong,train
dataset_noisy/white_strong/tone4/an_tone4_fv1.wav,4,an,fv1,white_strong,val
dataset_noisy/white_strong/tone4/an_tone4_fv2.wav,4,an,fv2,white_strong,train
dataset_noisy/white_strong/tone4/an_tone4_fv3.wav,4,an,fv3,white_strong,val
dataset_noisy/white_strong/tone4/an_tone4_mv1.wav,4,an,mv1,white_strong,train
dataset_noisy/white_strong/tone4/an_tone4_mv2.wav,4,an,mv2,white_strong,train
dataset_noisy/white_strong/tone4/an_tone4_mv3.wav,4,an,mv3,white_strong,train
dataset_noisy/white_strong/tone4/ba_tone4_fv1.wav,4,ba,fv1,white_strong,train
dataset_noisy/white_strong/tone4/ba_tone4_fv2.wav,4,ba,fv2,white_strong,train
dataset_noisy/white_strong/tone4/ba_tone4_fv3.wav,4,ba,fv3,white_strong,train
dataset_noisy/white_strong/tone4/ba_tone4_mv1.wav,4,ba,mv1,white_strong,val
dataset_noisy/white_strong/tone4/ba_tone4_mv2.wav,4,ba,mv2,white_strong,test
dataset_noisy/white_strong/tone4/ba_tone4_mv3.wav,4,ba,mv3,white_strong,train
dataset_noisy/white_strong/tone4/da_tone4_fv1.wav,4,da,fv1,white_strong,train
dataset_noisy/white_strong/tone4/da_tone4_fv2.wav,4,da,fv2,white_strong,train
dataset_noisy/white_strong/tone4/da_tone4_fv3.wav,4,da,fv3,white_strong,train
dataset_noisy/white_strong/tone4/da_tone4_mv1.wav,4,da,mv1,white_strong,val
dataset_noisy/white_strong/tone4/da_tone4_mv2.wav,4,da,mv2,white_strong,test
dataset_noisy/white_strong/tone4/da_tone4_mv3.wav,4,da,mv3,white_strong,train
dataset_noisy/white_strong/tone4/ma_tone4_fv1.wav,4,ma,fv1,white_strong,train
dataset_noisy/white_strong/tone4/ma_tone4_fv2.wav,4,ma,fv2,white_strong,test
dataset_noisy/white_strong/tone4/ma_tone4_fv3.wav,4,ma,fv3,white_strong,train
dataset_noisy/white_strong/tone4/ma_tone4_mv1.wav,4,ma,mv1,white_strong,train
dataset_noisy/white_strong/tone4/ma_tone4_mv2.wav,4,ma,mv2,white_strong,train
dataset_noisy/white_strong/tone4/ma_tone4_mv3.wav,4,ma,mv3,white_strong,test
dataset_noisy/white_strong/tone4/mi_tone4_fv1.wav,4,mi,fv1,white_strong,train
dataset_noisy/white_strong/tone4/mi_tone4_fv2.wav,4,mi,fv2,white_strong,train
dataset_noisy/white_strong/tone4/mi_tone4_fv3.wav,4,mi,fv3,white_strong,val
dataset_noisy/white_strong/tone4/mi_tone4_mv1.wav,4,mi,mv1,white_strong,train
dataset_noisy/white_strong/tone4/mi_tone4_mv2.wav,4,mi,mv2,white_strong,train
dataset_noisy/white_strong/tone4/mi_tone4_mv3.wav,4,mi,mv3,white_strong,train
dataset_noisy/white_strong/tone4/tai_tone4_fv1.wav,4,tai,fv1,white_strong,test
dataset_noisy/white_strong/tone4/tai_tone4_fv2.wav,4,tai,fv2,white_strong,train
dataset_noisy/white_strong/tone4/tai_tone4_fv3.wav,4,tai,fv3,white_strong,test
dataset_noisy/white_strong/tone4/tai_tone4_mv1.wav,4,tai,mv1,white_strong,train
dataset_noisy/white_strong/tone4/tai_tone4_mv2.wav,4,tai,mv2,white_strong,train
dataset_noisy/white_strong/tone4/tai_tone4_mv3.wav,4,tai,mv3,white_strong,train
dataset_noisy/speed_fast/tone1/a_tone1_fv1.wav,1,a,fv1,speed_fast,train
dataset_noisy/speed_fast/tone1/a_tone1_fv2.wav,1,a,fv2,speed_fast,val
dataset_noisy/speed_fast/tone1/a_tone1_fv3.wav,1,a,fv3,speed_fast,val
dataset_noisy/speed_fast/tone1/a_tone1_mv1.wav,1,a,mv1,speed_fast,train
dataset_noisy/speed_fast/tone1/a_tone1_mv2.wav,1,a,mv2,speed_fast,train
dataset_noisy/speed_fast/tone1/a_tone1_mv3.wav,1,a,mv3,speed_fast,train
dataset_noisy/speed_fast/tone1/ai_tone1_fv1.wav,1,ai,fv1,speed_fast,train
dataset_noisy/speed_fast/tone1/ai_tone1_fv2.wav,1,ai,fv2,speed_fast,test
dataset_noisy/speed_fast/tone1/ai_tone1_fv3.wav,1,ai,fv3,speed_fast,train
dataset_noisy/speed_fast/tone1/ai_tone1_mv1.wav,1,ai,mv1,speed_fast,train
dataset_noisy/speed_fast/tone1/ai_tone1_mv2.wav,1,ai,mv2,speed_fast,test
dataset_noisy/speed_fast/tone1/ai_tone1_mv3.wav,1,ai,mv3,speed_fast,train
dataset_noisy/speed_fast/tone1/an_tone1_fv1.wav,1,an,fv1,speed_fast,train
dataset_noisy/speed_fast/tone1/an_tone1_fv2.wav,1,an,fv2,speed_fast,train
dataset_noisy/speed_fast/tone1/an_tone1_fv3.wav,1,an,fv3,speed_fast,train
dataset_noisy/speed_fast/tone1/an_tone1_mv1.wav,1,an,mv1,speed_fast,train
dataset_noisy/speed_fast/tone1/an_tone1_mv2.wav,1,an,mv2,speed_fast,train
dataset_noisy/speed_fast/tone1/an_tone1_mv3.wav,1,an,mv3,speed_fast,train
dataset_noisy/speed_fast/tone1/ba_tone1_fv1.wav,1,ba,fv1,speed_fast,test
dataset_noisy/speed_fast/tone1/ba_tone1_fv2.wav,1,ba,fv2,speed_fast,train
dataset_noisy/speed_fast/tone1/ba_tone1_fv3.wav,1,ba,fv3,speed_fast,val
dataset_noisy/speed_fast/tone1/ba_tone1_mv1.wav,1,ba,mv1,speed_fast,test
dataset_noisy/speed_fast/tone1/ba_tone1_mv2.wav,1,ba,mv2,speed_fast,test
dataset_noisy/speed_fast/tone1/ba_tone1_mv3.wav,1,ba,mv3,speed_fast,test
dataset_noisy/speed_fast/tone1/da_tone1_fv1.wav,1,da,fv1,speed_fast,train
dataset_noisy/speed_fast/tone1/da_tone1_fv2.wav,1,da,fv2,speed_fast,train
dataset_noisy/speed_fast/tone1/da_tone1_fv3.wav,1,da,fv3,speed_fast,train
dataset_noisy/speed_fast/tone1/da_tone1_mv1.wav,1,da,mv1,speed_fast,train
dataset_noisy/speed_fast/tone1/da_tone1_mv2.wav,1,da,mv2,speed_fast,train
dataset_noisy/speed_fast/tone1/da_tone1_mv3.wav,1,da,mv3,speed_fast,train
dataset_noisy/speed_fast/tone1/ma_tone1_fv1.wav,1,ma,fv1,speed_fast,train
dataset_noisy/speed_fast/tone1/ma_tone1_fv2.wav,1,ma,fv2,speed_fast,train
dataset_noisy/speed_fast/tone1/ma_tone1_fv3.wav,1,ma,fv3,speed_fast,train
dataset_noisy/speed_fast/tone1/ma_tone1_mv1.wav,1,ma,mv1,speed_fast,train
dataset_noisy/speed_fast/tone1/ma_tone1_mv2.wav,1,ma,mv2,speed_fast,train
dataset_noisy/speed_fast/tone1/ma_tone1_mv3.wav,1,ma,mv3,speed_fast,test
dataset_noisy/speed_fast/tone1/mi_tone1_fv1.wav,1,mi,fv1,speed_fast,train
dataset_noisy/speed_fast/tone1/mi_tone1_fv2.wav,1,mi,fv2,speed_fast,val
dataset_noisy/speed_fast/tone1/mi_tone1_fv3.wav,1,mi,fv3,speed_fast,val
dataset_noisy/speed_fast/tone1/mi_tone1_mv1.wav,1,mi,mv1,speed_fast,val
dataset_noisy/speed_fast/tone1/mi_tone1_mv2.wav,1,mi,mv2,speed_fast,train
dataset_noisy/speed_fast/tone1/mi_tone1_mv3.wav,1,mi,mv3,speed_fast,val
dataset_noisy/speed_fast/tone1/tai_tone1_fv1.wav,1,tai,fv1,speed_fast,test
dataset_noisy/speed_fast/tone1/tai_tone1_fv2.wav,1,tai,fv2,speed_fast,train
dataset_noisy/speed_fast/tone1/tai_tone1_fv3.wav,1,tai,fv3,speed_fast,train
dataset_noisy/speed_fast/tone1/tai_tone1_mv1.wav,1,tai,mv1,speed_fast,train
dataset_noisy/speed_fast/tone1/tai_tone1_mv2.wav,1,tai,mv2,speed_fast,train
dataset_noisy/speed_fast/tone1/tai_tone1_mv3.wav,1,tai,mv3,speed_fast,train
dataset_noisy/speed_fast/tone2/a_tone2_fv1.wav,2,a,fv1,speed_fast,train
dataset_noisy/speed_fast/tone2/a_tone2_fv2.wav,2,a,fv2,speed_fast,val
dataset_noisy/speed_fast/tone2/a_tone2_fv3.wav,2,a,fv3,speed_fast,train
dataset_noisy/speed_fast/tone2/a_tone2_mv1.wav,2,a,mv1,speed_fast,val
dataset_noisy/speed_fast/tone2/a_tone2_mv2.wav,2,a,mv2,speed_fast,train
dataset_noisy/speed_fast/tone2/a_tone2_mv3.wav,2,a,mv3,speed_fast,val
dataset_noisy/speed_fast/tone2/ai_tone2_fv1.wav,2,ai,fv1,speed_fast,val
dataset_noisy/speed_fast/tone2/ai_tone2_fv2.wav,2,ai,fv2,speed_fast,test
dataset_noisy/speed_fast/tone2/ai_tone2_fv3.wav,2,ai,fv3,speed_fast,train
dataset_noisy/speed_fast/tone2/ai_tone2_mv1.wav,2,ai,mv1,speed_fast,train
dataset_noisy/speed_fast/tone2/ai_tone2_mv2.wav,2,ai,mv2,speed_fast,train
dataset_noisy/speed_fast/tone2/ai_tone2_mv3.wav,2,ai,mv3,speed_fast,train
dataset_noisy/speed_fast/tone2/an_tone2_fv1.wav,2,an,fv1,speed_fast,train
dataset_noisy/speed_fast/tone2/an_tone2_fv2.wav,2,an,fv2,speed_fast,val
dataset_noisy/speed_fast/tone2/an_tone2_fv3.wav,2,an,fv3,speed_fast,train
dataset_noisy/speed_fast/tone2/an_tone2_mv1.wav,2,an,mv1,speed_fast,train
dataset_noisy/speed_fast/tone2/an_tone2_mv2.wav,2,an,mv2,speed_fast,test
dataset_noisy/speed_fast/tone2/an_tone2_mv3.wav,2,an,mv3,speed_fast,train
dataset_noisy/speed_fast/tone2/ba_tone2_fv1.wav,2,ba,fv1,speed_fast,train
dataset_noisy/speed_fast/tone2/ba_tone2_fv2.wav,2,ba,fv2,speed_fast,val
dataset_noisy/speed_fast/tone2/ba_tone2_fv3.wav,2,ba,fv3,speed_fast,train
dataset_noisy/speed_fast/tone2/ba_tone2_mv1.wav,2,ba,mv1,speed_fast,train
dataset_noisy/speed_fast/tone2/ba_tone2_mv2.wav,2,ba,mv2,speed_fast,train
dataset_noisy/speed_fast/tone2/ba_tone2_mv3.wav,2,ba,mv3,speed_fast,train
dataset_noisy/speed_fast/tone2/da_tone2_fv1.wav,2,da,fv1,speed_fast,train
dataset_noisy/speed_fast/tone2/da_tone2_fv2.wav,2,da,fv2,speed_fast,train
dataset_noisy/speed_fast/tone2/da_tone2_fv3.wav,2,da,fv3,speed_fast,train
dataset_noisy/speed_fast/tone2/da_tone2_mv1.wav,2,da,mv1,speed_fast,test
dataset_noisy/speed_fast/tone2/da_tone2_mv2.wav,2,da,mv2,speed_fast,train
dataset_noisy/speed_fast/tone2/da_tone2_mv3.wav,2,da,mv3,speed_fast,train
dataset_noisy/speed_fast/tone2/ma_tone2_fv1.wav,2,ma,fv1,speed_fast,train
dataset_noisy/speed_fast/tone2/ma_tone2_fv2.wav,2,ma,fv2,speed_fast,train
dataset_noisy/speed_fast/tone2/ma_tone2_fv3.wav,2,ma,fv3,speed_fast,train
dataset_noisy/speed_fast/tone2/ma_tone2_mv1.wav,2,ma,mv1,speed_fast,train
dataset_noisy/speed_fast/tone2/ma_tone2_mv2.wav,2,ma,mv2,speed_fast,val
dataset_noisy/speed_fast/tone2/ma_tone2_mv3.wav,2,ma,mv3,speed_fast,test
dataset_noisy/speed_fast/tone2/mi_tone2_fv1.wav,2,mi,fv1,speed_fast,train
dataset_noisy/speed_fast/tone2/mi_tone2_fv2.wav,2,mi,fv2,speed_fast,test
dataset_noisy/speed_fast/tone2/mi_tone2_fv3.wav,2,mi,fv3,speed_fast,train
dataset_noisy/speed_fast/tone2/mi_tone2_mv1.wav,2,mi,mv1,speed_fast,train
dataset_noisy/speed_fast/tone2/mi_tone2_mv2.wav,2,mi,mv2,speed_fast,train
dataset_noisy/speed_fast/tone2/mi_tone2_mv3.wav,2,mi,mv3,speed_fast,train
dataset_noisy/speed_fast/tone2/tai_tone2_fv1.wav,2,tai,fv1,speed_fast,train
dataset_noisy/speed_fast/tone2/tai_tone2_fv2.wav,2,tai,fv2,speed_fast,test
dataset_noisy/speed_fast/tone2/tai_tone2_fv3.wav,2,tai,fv3,speed_fast,train
dataset_noisy/speed_fast/tone2/tai_tone2_mv1.wav,2,tai,mv1,speed_fast,train
dataset_noisy/speed_fast/tone2/tai_tone2_mv2.wav,2,tai,mv2,speed_fast,train
dataset_noisy/speed_fast/tone2/tai_tone2_mv3.wav,2,tai,mv3,speed_fast,test
dataset_noisy/speed_fast/tone3/a_tone3_fv1.wav,3,a,fv1,speed_fast,train
dataset_noisy/speed_fast/tone3/a_tone3_fv2.wav,3,a,fv2,speed_fast,train
dataset_noisy/speed_fast/tone3/a_tone3_fv3.wav,3,a,fv3,speed_fast,train
dataset_noisy/speed_fast/tone3/a_tone3_mv1.wav,3,a,mv1,speed_fast,train
dataset_noisy/speed_fast/tone3/a_tone3_mv2.wav,3,a,mv2,speed_fast,test
dataset_noisy/speed_fast/tone3/a_tone3_mv3.wav,3,a,mv3,speed_fast,train
dataset_noisy/speed_fast/tone3/ai_tone3_fv1.wav,3,ai,fv1,speed_fast,test
dataset_noisy/speed_fast/tone3/ai_tone3_fv2.wav,3,ai,fv2,speed_fast,val
dataset_noisy/speed_fast/tone3/ai_tone3_fv3.wav,3,ai,fv3,speed_fast,test
dataset_noisy/speed_fast/tone3/ai_tone3_mv1.wav,3,ai,mv1,speed_fast,train
dataset_noisy/speed_fast/tone3/ai_tone3_mv2.wav,3,ai,mv2,speed_fast,train
dataset_noisy/speed_fast/tone3/ai_tone3_mv3.wav,3,ai,mv3,speed_fast,val
dataset_noisy/speed_fast/tone3/an_tone3_fv1.wav,3,an,fv1,speed_fast,train
dataset_noisy/speed_fast/tone3/an_tone3_fv2.wav,3,an,fv2,speed_fast,train
dataset_noisy/speed_fast/tone3/an_tone3_fv3.wav,3,an,fv3,speed_fast,train
dataset_noisy/speed_fast/tone3/an_tone3_mv1.wav,3,an,mv1,speed_fast,train
dataset_noisy/speed_fast/tone3/an_tone3_mv2.wav,3,an,mv2,speed_fast,val
dataset_noisy/speed_fast/tone3/an_tone3_mv3.wav,3,an,mv3,speed_fast,train
dataset_noisy/speed_fast/tone3/ba_tone3_fv1.wav,3,ba,fv1,speed_fast,train
dataset_noisy/speed_fast/tone3/ba_tone3_fv2.wav,3,ba,fv2,speed_fast,train
dataset_noisy/speed_fast/tone3/ba_tone3_fv3.wav,3,ba,fv3,speed_fast,train
dataset_noisy/speed_fast/tone3/ba_tone3_mv1.wav,3,ba,mv1,speed_fast,train
dataset_noisy/speed_fast/tone3/ba_tone3_mv2.wav,3,ba,mv2,speed_fast,train
dataset_noisy/speed_fast/tone3/ba_tone3_mv3.wav,3,ba,mv3,speed_fast,train
dataset_noisy/speed_fast/tone3/da_tone3_fv1.wav,3,da,fv1,speed_fast,train
dataset_noisy/speed_fast/tone3/da_tone3_fv2.wav,3,da,fv2,speed_fast,train
dataset_noisy/speed_fast/tone3/da_tone3_fv3.wav,3,da,fv3,speed_fast,train
dataset_noisy/speed_fast/tone3/da_tone3_mv1.wav,3,da,mv1,speed_fast,test
dataset_noisy/speed_fast/tone3/da_tone3_mv2.wav,3,da,mv2,speed_fast,train
dataset_noisy/speed_fast/tone3/da_tone3_mv3.wav,3,da,mv3,speed_fast,train
dataset_noisy/speed_fast/tone3/ma_tone3_fv1.wav,3,ma,fv1,speed_fast,train
dataset_noisy/speed_fast/tone3/ma_tone3_fv2.wav,3,ma,fv2,speed_fast,train
dataset_noisy/speed_fast/tone3/ma_tone3_fv3.wav,3,ma,fv3,speed_fast,test
dataset_noisy/speed_fast/tone3/ma_tone3_mv1.wav,3,ma,mv1,speed_fast,val
dataset_noisy/speed_fast/tone3/ma_tone3_mv2.wav,3,ma,mv2,speed_fast,val
dataset_noisy/speed_fast/tone3/ma_tone3_mv3.wav,3,ma,mv3,speed_fast,train
dataset_noisy/speed_fast/tone3/mi_tone3_fv1.wav,3,mi,fv1,speed_fast,train
dataset_noisy/speed_fast/tone3/mi_tone3_fv2.wav,3,mi,fv2,speed_fast,train
dataset_noisy/speed_fast/tone3/mi_tone3_fv3.wav,3,mi,fv3,speed_fast,test
dataset_noisy/speed_fast/tone3/mi_tone3_mv1.wav,3,mi,mv1,speed_fast,train
dataset_noisy/speed_fast/tone3/mi_tone3_mv2.wav,3,mi,mv2,speed_fast,train
dataset_noisy/speed_fast/tone3/mi_tone3_mv3.wav,3,mi,mv3,speed_fast,val
dataset_noisy/speed_fast/tone3/tai_tone3_fv1.wav,3,tai,fv1,speed_fast,train
dataset_noisy/speed_fast/tone3/tai_tone3_fv2.wav,3,tai,fv2,speed_fast,val
dataset_noisy/speed_fast/tone3/tai_tone3_fv3.wav,3,tai,fv3,speed_fast,train
dataset_noisy/speed_fast/tone3/tai_tone3_mv1.wav,3,tai,mv1,speed_fast,test
dataset_noisy/speed_fast/tone3/tai_tone3_mv2.wav,3,tai,mv2,speed_fast,val
dataset_noisy/speed_fast/tone3/tai_tone3_mv3.wav,3,tai,mv3,speed_fast,train
dataset_noisy/speed_fast/tone4/a_tone4_fv1.wav,4,a,fv1,speed_fast,train
dataset_noisy/speed_fast/tone4/a_tone4_fv2.wav,4,a,fv2,speed_fast,test
dataset_noisy/speed_fast/tone4/a_tone4_fv3.wav,4,a,fv3,speed_fast,train
dataset_noisy/speed_fast/tone4/a_tone4_mv1.wav,4,a,mv1,speed_fast,train
dataset_noisy/speed_fast/tone4/a_tone4_mv2.wav,4,a,mv2,speed_fast,train
dataset_noisy/speed_fast/tone4/a_tone4_mv3.wav,4,a,mv3,speed_fast,val
dataset_noisy/speed_fast/tone4/ai_tone4_fv1.wav,4,ai,fv1,speed_fast,val
dataset_noisy/speed_fast/tone4/ai_tone4_fv2.wav,4,ai,fv2,speed_fast,train
dataset_noisy/speed_fast/tone4/ai_tone4_fv3.wav,4,ai,fv3,speed_fast,train
dataset_noisy/speed_fast/tone4/ai_tone4_mv1.wav,4,ai,mv1,speed_fast,train
dataset_noisy/speed_fast/tone4/ai_tone4_mv2.wav,4,ai,mv2,speed_fast,train
dataset_noisy/speed_fast/tone4/ai_tone4_mv3.wav,4,ai,mv3,speed_fast,train
dataset_noisy/speed_fast/tone4/an_tone4_fv1.wav,4,an,fv1,speed_fast,val
dataset_noisy/speed_fast/tone4/an_tone4_fv2.wav,4,an,fv2,speed_fast,train
dataset_noisy/speed_fast/tone4/an_tone4_fv3.wav,4,an,fv3,speed_fast,val
dataset_noisy/speed_fast/tone4/an_tone4_mv1.wav,4,an,mv1,speed_fast,train
dataset_noisy/speed_fast/tone4/an_tone4_mv2.wav,4,an,mv2,speed_fast,train
dataset_noisy/speed_fast/tone4/an_tone4_mv3.wav,4,an,mv3,speed_fast,train
dataset_noisy/speed_fast/tone4/ba_tone4_fv1.wav,4,ba,fv1,speed_fast,train
dataset_noisy/speed_fast/tone4/ba_tone4_fv2.wav,4,ba,fv2,speed_fast,train
dataset_noisy/speed_fast/tone4/ba_tone4_fv3.wav,4,ba,fv3,speed_fast,train
dataset_noisy/speed_fast/tone4/ba_tone4_mv1.wav,4,ba,mv1,speed_fast,val
dataset_noisy/speed_fast/tone4/ba_tone4_mv2.wav,4,ba,mv2,speed_fast,test
dataset_noisy/speed_fast/tone4/ba_tone4_mv3.wav,4,ba,mv3,speed_fast,train
dataset_noisy/speed_fast/tone4/da_tone4_fv1.wav,4,da,fv1,speed_fast,train
dataset_noisy/speed_fast/tone4/da_tone4_fv2.wav,4,da,fv2,speed_fast,train
dataset_noisy/speed_fast/tone4/da_tone4_fv3.wav,4,da,fv3,speed_fast,train
dataset_noisy/speed_fast/tone4/da_tone4_mv1.wav,4,da,mv1,speed_fast,val
dataset_noisy/speed_fast/tone4/da_tone4_mv2.wav,4,da,mv2,speed_fast,test
dataset_noisy/speed_fast/tone4/da_tone4_mv3.wav,4,da,mv3,speed_fast,train
dataset_noisy/speed_fast/tone4/ma_tone4_fv1.wav,4,ma,fv1,speed_fast,train
dataset_noisy/speed_fast/tone4/ma_tone4_fv2.wav,4,ma,fv2,speed_fast,test
dataset_noisy/speed_fast/tone4/ma_tone4_fv3.wav,4,ma,fv3,speed_fast,train
dataset_noisy/speed_fast/tone4/ma_tone4_mv1.wav,4,ma,mv1,speed_fast,train
dataset_noisy/speed_fast/tone4/ma_tone4_mv2.wav,4,ma,mv2,speed_fast,train
dataset_noisy/speed_fast/tone4/ma_tone4_mv3.wav,4,ma,mv3,speed_fast,test
dataset_noisy/speed_fast/tone4/mi_tone4_fv1.wav,4,mi,fv1,speed_fast,train
dataset_noisy/speed_fast/tone4/mi_tone4_fv2.wav,4,mi,fv2,speed_fast,train
dataset_noisy/speed_fast/tone4/mi_tone4_fv3.wav,4,mi,fv3,speed_fast,val
dataset_noisy/speed_fast/tone4/mi_tone4_mv1.wav,4,mi,mv1,speed_fast,train
dataset_noisy/speed_fast/tone4/mi_tone4_mv2.wav,4,mi,mv2,speed_fast,train
dataset_noisy/speed_fast/tone4/mi_tone4_mv3.wav,4,mi,mv3,speed_fast,train
dataset_noisy/speed_fast/tone4/tai_tone4_fv1.wav,4,tai,fv1,speed_fast,test
dataset_noisy/speed_fast/tone4/tai_tone4_fv2.wav,4,tai,fv2,speed_fast,train
dataset_noisy/speed_fast/tone4/tai_tone4_fv3.wav,4,tai,fv3,speed_fast,test
dataset_noisy/speed_fast/tone4/tai_tone4_mv1.wav,4,tai,mv1,speed_fast,train
dataset_noisy/speed_fast/tone4/tai_tone4_mv2.wav,4,tai,mv2,speed_fast,train
dataset_noisy/speed_fast/tone4/tai_tone4_mv3.wav,4,tai,mv3,speed_fast,train
dataset_noisy/speed_slow/tone1/a_tone1_fv1.wav,1,a,fv1,speed_slow,train
dataset_noisy/speed_slow/tone1/a_tone1_fv2.wav,1,a,fv2,speed_slow,val
dataset_noisy/speed_slow/tone1/a_tone1_fv3.wav,1,a,fv3,speed_slow,val
dataset_noisy/speed_slow/tone1/a_tone1_mv1.wav,1,a,mv1,speed_slow,train
dataset_noisy/speed_slow/tone1/a_tone1_mv2.wav,1,a,mv2,speed_slow,train
dataset_noisy/speed_slow/tone1/a_tone1_mv3.wav,1,a,mv3,speed_slow,train
dataset_noisy/speed_slow/tone1/ai_tone1_fv1.wav,1,ai,fv1,speed_slow,train
dataset_noisy/speed_slow/tone1/ai_tone1_fv2.wav,1,ai,fv2,speed_slow,test
dataset_noisy/speed_slow/tone1/ai_tone1_fv3.wav,1,ai,fv3,speed_slow,train
dataset_noisy/speed_slow/tone1/ai_tone1_mv1.wav,1,ai,mv1,speed_slow,train
dataset_noisy/speed_slow/tone1/ai_tone1_mv2.wav,1,ai,mv2,speed_slow,test
dataset_noisy/speed_slow/tone1/ai_tone1_mv3.wav,1,ai,mv3,speed_slow,train
dataset_noisy/speed_slow/tone1/an_tone1_fv1.wav,1,an,fv1,speed_slow,train
dataset_noisy/speed_slow/tone1/an_tone1_fv2.wav,1,an,fv2,speed_slow,train
dataset_noisy/speed_slow/tone1/an_tone1_fv3.wav,1,an,fv3,speed_slow,train
dataset_noisy/speed_slow/tone1/an_tone1_mv1.wav,1,an,mv1,speed_slow,train
dataset_noisy/speed_slow/tone1/an_tone1_mv2.wav,1,an,mv2,speed_slow,train
dataset_noisy/speed_slow/tone1/an_tone1_mv3.wav,1,an,mv3,speed_slow,train
dataset_noisy/speed_slow/tone1/ba_tone1_fv1.wav,1,ba,fv1,speed_slow,test
dataset_noisy/speed_slow/tone1/ba_tone1_fv2.wav,1,ba,fv2,speed_slow,train
dataset_noisy/speed_slow/tone1/ba_tone1_fv3.wav,1,ba,fv3,speed_slow,val
dataset_noisy/speed_slow/tone1/ba_tone1_mv1.wav,1,ba,mv1,speed_slow,test
dataset_noisy/speed_slow/tone1/ba_tone1_mv2.wav,1,ba,mv2,speed_slow,test
dataset_noisy/speed_slow/tone1/ba_tone1_mv3.wav,1,ba,mv3,speed_slow,test
dataset_noisy/speed_slow/tone1/da_tone1_fv1.wav,1,da,fv1,speed_slow,train
dataset_noisy/speed_slow/tone1/da_tone1_fv2.wav,1,da,fv2,speed_slow,train
dataset_noisy/speed_slow/tone1/da_tone1_fv3.wav,1,da,fv3,speed_slow,train
dataset_noisy/speed_slow/tone1/da_tone1_mv1.wav,1,da,mv1,speed_slow,train
dataset_noisy/speed_slow/tone1/da_tone1_mv2.wav,1,da,mv2,speed_slow,train
dataset_noisy/speed_slow/tone1/da_tone1_mv3.wav,1,da,mv3,speed_slow,train
dataset_noisy/speed_slow/tone1/ma_tone1_fv1.wav,1,ma,fv1,speed_slow,train
dataset_noisy/speed_slow/tone1/ma_tone1_fv2.wav,1,ma,fv2,speed_slow,train
dataset_noisy/speed_slow/tone1/ma_tone1_fv3.wav,1,ma,fv3,speed_slow,train
dataset_noisy/speed_slow/tone1/ma_tone1_mv1.wav,1,ma,mv1,speed_slow,train
dataset_noisy/speed_slow/tone1/ma_tone1_mv2.wav,1,ma,mv2,speed_slow,train
dataset_noisy/speed_slow/tone1/ma_tone1_mv3.wav,1,ma,mv3,speed_slow,test
dataset_noisy/speed_slow/tone1/mi_tone1_fv1.wav,1,mi,fv1,speed_slow,train
dataset_noisy/speed_slow/tone1/mi_tone1_fv2.wav,1,mi,fv2,speed_slow,val
dataset_noisy/speed_slow/tone1/mi_tone1_fv3.wav,1,mi,fv3,speed_slow,val
dataset_noisy/speed_slow/tone1/mi_tone1_mv1.wav,1,mi,mv1,speed_slow,val
dataset_noisy/speed_slow/tone1/mi_tone1_mv2.wav,1,mi,mv2,speed_slow,train
dataset_noisy/speed_slow/tone1/mi_tone1_mv3.wav,1,mi,mv3,speed_slow,val
dataset_noisy/speed_slow/tone1/tai_tone1_fv1.wav,1,tai,fv1,speed_slow,test
dataset_noisy/speed_slow/tone1/tai_tone1_fv2.wav,1,tai,fv2,speed_slow,train
dataset_noisy/speed_slow/tone1/tai_tone1_fv3.wav,1,tai,fv3,speed_slow,train
dataset_noisy/speed_slow/tone1/tai_tone1_mv1.wav,1,tai,mv1,speed_slow,train
dataset_noisy/speed_slow/tone1/tai_tone1_mv2.wav,1,tai,mv2,speed_slow,train
dataset_noisy/speed_slow/tone1/tai_tone1_mv3.wav,1,tai,mv3,speed_slow,train
dataset_noisy/speed_slow/tone2/a_tone2_fv1.wav,2,a,fv1,speed_slow,train
dataset_noisy/speed_slow/tone2/a_tone2_fv2.wav,2,a,fv2,speed_slow,val
dataset_noisy/speed_slow/tone2/a_tone2_fv3.wav,2,a,fv3,speed_slow,train
dataset_noisy/speed_slow/tone2/a_tone2_mv1.wav,2,a,mv1,speed_slow,val
dataset_noisy/speed_slow/tone2/a_tone2_mv2.wav,2,a,mv2,speed_slow,train
dataset_noisy/speed_slow/tone2/a_tone2_mv3.wav,2,a,mv3,speed_slow,val
dataset_noisy/speed_slow/tone2/ai_tone2_fv1.wav,2,ai,fv1,speed_slow,val
dataset_noisy/speed_slow/tone2/ai_tone2_fv2.wav,2,ai,fv2,speed_slow,test
dataset_noisy/speed_slow/tone2/ai_tone2_fv3.wav,2,ai,fv3,speed_slow,train
dataset_noisy/speed_slow/tone2/ai_tone2_mv1.wav,2,ai,mv1,speed_slow,train
dataset_noisy/speed_slow/tone2/ai_tone2_mv2.wav,2,ai,mv2,speed_slow,train
dataset_noisy/speed_slow/tone2/ai_tone2_mv3.wav,2,ai,mv3,speed_slow,train
dataset_noisy/speed_slow/tone2/an_tone2_fv1.wav,2,an,fv1,speed_slow,train
dataset_noisy/speed_slow/tone2/an_tone2_fv2.wav,2,an,fv2,speed_slow,val
dataset_noisy/speed_slow/tone2/an_tone2_fv3.wav,2,an,fv3,speed_slow,train
dataset_noisy/speed_slow/tone2/an_tone2_mv1.wav,2,an,mv1,speed_slow,train
dataset_noisy/speed_slow/tone2/an_tone2_mv2.wav,2,an,mv2,speed_slow,test
dataset_noisy/speed_slow/tone2/an_tone2_mv3.wav,2,an,mv3,speed_slow,train
dataset_noisy/speed_slow/tone2/ba_tone2_fv1.wav,2,ba,fv1,speed_slow,train
dataset_noisy/speed_slow/tone2/ba_tone2_fv2.wav,2,ba,fv2,speed_slow,val
dataset_noisy/speed_slow/tone2/ba_tone2_fv3.wav,2,ba,fv3,speed_slow,train
dataset_noisy/speed_slow/tone2/ba_tone2_mv1.wav,2,ba,mv1,speed_slow,train
dataset_noisy/speed_slow/tone2/ba_tone2_mv2.wav,2,ba,mv2,speed_slow,train
dataset_noisy/speed_slow/tone2/ba_tone2_mv3.wav,2,ba,mv3,speed_slow,train
dataset_noisy/speed_slow/tone2/da_tone2_fv1.wav,2,da,fv1,speed_slow,train
dataset_noisy/speed_slow/tone2/da_tone2_fv2.wav,2,da,fv2,speed_slow,train
dataset_noisy/speed_slow/tone2/da_tone2_fv3.wav,2,da,fv3,speed_slow,train
dataset_noisy/speed_slow/tone2/da_tone2_mv1.wav,2,da,mv1,speed_slow,test
dataset_noisy/speed_slow/tone2/da_tone2_mv2.wav,2,da,mv2,speed_slow,train
dataset_noisy/speed_slow/tone2/da_tone2_mv3.wav,2,da,mv3,speed_slow,train
dataset_noisy/speed_slow/tone2/ma_tone2_fv1.wav,2,ma,fv1,speed_slow,train
dataset_noisy/speed_slow/tone2/ma_tone2_fv2.wav,2,ma,fv2,speed_slow,train
dataset_noisy/speed_slow/tone2/ma_tone2_fv3.wav,2,ma,fv3,speed_slow,train
dataset_noisy/speed_slow/tone2/ma_tone2_mv1.wav,2,ma,mv1,speed_slow,train
dataset_noisy/speed_slow/tone2/ma_tone2_mv2.wav,2,ma,mv2,speed_slow,val
dataset_noisy/speed_slow/tone2/ma_tone2_mv3.wav,2,ma,mv3,speed_slow,test
dataset_noisy/speed_slow/tone2/mi_tone2_fv1.wav,2,mi,fv1,speed_slow,train
dataset_noisy/speed_slow/tone2/mi_tone2_fv2.wav,2,mi,fv2,speed_slow,test
dataset_noisy/speed_slow/tone2/mi_tone2_fv3.wav,2,mi,fv3,speed_slow,train
dataset_noisy/speed_slow/tone2/mi_tone2_mv1.wav,2,mi,mv1,speed_slow,train
dataset_noisy/speed_slow/tone2/mi_tone2_mv2.wav,2,mi,mv2,speed_slow,train
dataset_noisy/speed_slow/tone2/mi_tone2_mv3.wav,2,mi,mv3,speed_slow,train
dataset_noisy/speed_slow/tone2/tai_tone2_fv1.wav,2,tai,fv1,speed_slow,train
dataset_noisy/speed_slow/tone2/tai_tone2_fv2.wav,2,tai,fv2,speed_slow,test
dataset_noisy/speed_slow/tone2/tai_tone2_fv3.wav,2,tai,fv3,speed_slow,train
dataset_noisy/speed_slow/tone2/tai_tone2_mv1.wav,2,tai,mv1,speed_slow,train
dataset_noisy/speed_slow/tone2/tai_tone2_mv2.wav,2,tai,mv2,speed_slow,train
dataset_noisy/speed_slow/tone2/tai_tone2_mv3.wav,2,tai,mv3,speed_slow,test
dataset_noisy/speed_slow/tone3/a_tone3_fv1.wav,3,a,fv1,speed_slow,train
dataset_noisy/speed_slow/tone3/a_tone3_fv2.wav,3,a,fv2,speed_slow,train
dataset_noisy/speed_slow/tone3/a_tone3_fv3.wav,3,a,fv3,speed_slow,train
dataset_noisy/speed_slow/tone3/a_tone3_mv1.wav,3,a,mv1,speed_slow,train
dataset_noisy/speed_slow/tone3/a_tone3_mv2.wav,3,a,mv2,speed_slow,test
dataset_noisy/speed_slow/tone3/a_tone3_mv3.wav,3,a,mv3,speed_slow,train
dataset_noisy/speed_slow/tone3/ai_tone3_fv1.wav,3,ai,fv1,speed_slow,test
dataset_noisy/speed_slow/tone3/ai_tone3_fv2.wav,3,ai,fv2,speed_slow,val
dataset_noisy/speed_slow/tone3/ai_tone3_fv3.wav,3,ai,fv3,speed_slow,test
dataset_noisy/speed_slow/tone3/ai_tone3_mv1.wav,3,ai,mv1,speed_slow,train
dataset_noisy/speed_slow/tone3/ai_tone3_mv2.wav,3,ai,mv2,speed_slow,train
dataset_noisy/speed_slow/tone3/ai_tone3_mv3.wav,3,ai,mv3,speed_slow,val
dataset_noisy/speed_slow/tone3/an_tone3_fv1.wav,3,an,fv1,speed_slow,train
dataset_noisy/speed_slow/tone3/an_tone3_fv2.wav,3,an,fv2,speed_slow,train
dataset_noisy/speed_slow/tone3/an_tone3_fv3.wav,3,an,fv3,speed_slow,train
dataset_noisy/speed_slow/tone3/an_tone3_mv1.wav,3,an,mv1,speed_slow,train
dataset_noisy/speed_slow/tone3/an_tone3_mv2.wav,3,an,mv2,speed_slow,val
dataset_noisy/speed_slow/tone3/an_tone3_mv3.wav,3,an,mv3,speed_slow,train
dataset_noisy/speed_slow/tone3/ba_tone3_fv1.wav,3,ba,fv1,speed_slow,train
dataset_noisy/speed_slow/tone3/ba_tone3_fv2.wav,3,ba,fv2,speed_slow,train
dataset_noisy/speed_slow/tone3/ba_tone3_fv3.wav,3,ba,fv3,speed_slow,train
dataset_noisy/speed_slow/tone3/ba_tone3_mv1.wav,3,ba,mv1,speed_slow,train
dataset_noisy/speed_slow/tone3/ba_tone3_mv2.wav,3,ba,mv2,speed_slow,train
dataset_noisy/speed_slow/tone3/ba_tone3_mv3.wav,3,ba,mv3,speed_slow,train
dataset_noisy/speed_slow/tone3/da_tone3_fv1.wav,3,da,fv1,speed_slow,train
dataset_noisy/speed_slow/tone3/da_tone3_fv2.wav,3,da,fv2,speed_slow,train
dataset_noisy/speed_slow/tone3/da_tone3_fv3.wav,3,da,fv3,speed_slow,train
dataset_noisy/speed_slow/tone3/da_tone3_mv1.wav,3,da,mv1,speed_slow,test
dataset_noisy/speed_slow/tone3/da_tone3_mv2.wav,3,da,mv2,speed_slow,train
dataset_noisy/speed_slow/tone3/da_tone3_mv3.wav,3,da,mv3,speed_slow,train
dataset_noisy/speed_slow/tone3/ma_tone3_fv1.wav,3,ma,fv1,speed_slow,train
dataset_noisy/speed_slow/tone3/ma_tone3_fv2.wav,3,ma,fv2,speed_slow,train
dataset_noisy/speed_slow/tone3/ma_tone3_fv3.wav,3,ma,fv3,speed_slow,test
dataset_noisy/speed_slow/tone3/ma_tone3_mv1.wav,3,ma,mv1,speed_slow,val
dataset_noisy/speed_slow/tone3/ma_tone3_mv2.wav,3,ma,mv2,speed_slow,val
dataset_noisy/speed_slow/tone3/ma_tone3_mv3.wav,3,ma,mv3,speed_slow,train
dataset_noisy/speed_slow/tone3/mi_tone3_fv1.wav,3,mi,fv1,speed_slow,train
dataset_noisy/speed_slow/tone3/mi_tone3_fv2.wav,3,mi,fv2,speed_slow,train
dataset_noisy/speed_slow/tone3/mi_tone3_fv3.wav,3,mi,fv3,speed_slow,test
dataset_noisy/speed_slow/tone3/mi_tone3_mv1.wav,3,mi,mv1,speed_slow,train
dataset_noisy/speed_slow/tone3/mi_tone3_mv2.wav,3,mi,mv2,speed_slow,train
dataset_noisy/speed_slow/tone3/mi_tone3_mv3.wav,3,mi,mv3,speed_slow,val
dataset_noisy/speed_slow/tone3/tai_tone3_fv1.wav,3,tai,fv1,speed_slow,train
dataset_noisy/speed_slow/tone3/tai_tone3_fv2.wav,3,tai,fv2,speed_slow,val
dataset_noisy/speed_slow/tone3/tai_tone3_fv3.wav,3,tai,fv3,speed_slow,train
dataset_noisy/speed_slow/tone3/tai_tone3_mv1.wav,3,tai,mv1,speed_slow,test
dataset_noisy/speed_slow/tone3/tai_tone3_mv2.wav,3,tai,mv2,speed_slow,val
dataset_noisy/speed_slow/tone3/tai_tone3_mv3.wav,3,tai,mv3,speed_slow,train
dataset_noisy/speed_slow/tone4/a_tone4_fv1.wav,4,a,fv1,speed_slow,train
dataset_noisy/speed_slow/tone4/a_tone4_fv2.wav,4,a,fv2,speed_slow,test
dataset_noisy/speed_slow/tone4/a_tone4_fv3.wav,4,a,fv3,speed_slow,train
dataset_noisy/speed_slow/tone4/a_tone4_mv1.wav,4,a,mv1,speed_slow,train
dataset_noisy/speed_slow/tone4/a_tone4_mv2.wav,4,a,mv2,speed_slow,train
dataset_noisy/speed_slow/tone4/a_tone4_mv3.wav,4,a,mv3,speed_slow,val
dataset_noisy/speed_slow/tone4/ai_tone4_fv1.wav,4,ai,fv1,speed_slow,val
dataset_noisy/speed_slow/tone4/ai_tone4_fv2.wav,4,ai,fv2,speed_slow,train
dataset_noisy/speed_slow/tone4/ai_tone4_fv3.wav,4,ai,fv3,speed_slow,train
dataset_noisy/speed_slow/tone4/ai_tone4_mv1.wav,4,ai,mv1,speed_slow,train
dataset_noisy/speed_slow/tone4/ai_tone4_mv2.wav,4,ai,mv2,speed_slow,train
dataset_noisy/speed_slow/tone4/ai_tone4_mv3.wav,4,ai,mv3,speed_slow,train
dataset_noisy/speed_slow/tone4/an_tone4_fv1.wav,4,an,fv1,speed_slow,val
dataset_noisy/speed_slow/tone4/an_tone4_fv2.wav,4,an,fv2,speed_slow,train
dataset_noisy/speed_slow/tone4/an_tone4_fv3.wav,4,an,fv3,speed_slow,val
dataset_noisy/speed_slow/tone4/an_tone4_mv1.wav,4,an,mv1,speed_slow,train
dataset_noisy/speed_slow/tone4/an_tone4_mv2.wav,4,an,mv2,speed_slow,train
dataset_noisy/speed_slow/tone4/an_tone4_mv3.wav,4,an,mv3,speed_slow,train
dataset_noisy/speed_slow/tone4/ba_tone4_fv1.wav,4,ba,fv1,speed_slow,train
dataset_noisy/speed_slow/tone4/ba_tone4_fv2.wav,4,ba,fv2,speed_slow,train
dataset_noisy/speed_slow/tone4/ba_tone4_fv3.wav,4,ba,fv3,speed_slow,train
dataset_noisy/speed_slow/tone4/ba_tone4_mv1.wav,4,ba,mv1,speed_slow,val
dataset_noisy/speed_slow/tone4/ba_tone4_mv2.wav,4,ba,mv2,speed_slow,test
dataset_noisy/speed_slow/tone4/ba_tone4_mv3.wav,4,ba,mv3,speed_slow,train
dataset_noisy/speed_slow/tone4/da_tone4_fv1.wav,4,da,fv1,speed_slow,train
dataset_noisy/speed_slow/tone4/da_tone4_fv2.wav,4,da,fv2,speed_slow,train
dataset_noisy/speed_slow/tone4/da_tone4_fv3.wav,4,da,fv3,speed_slow,train
dataset_noisy/speed_slow/tone4/da_tone4_mv1.wav,4,da,mv1,speed_slow,val
dataset_noisy/speed_slow/tone4/da_tone4_mv2.wav,4,da,mv2,speed_slow,test
dataset_noisy/speed_slow/tone4/da_tone4_mv3.wav,4,da,mv3,speed_slow,train
dataset_noisy/speed_slow/tone4/ma_tone4_fv1.wav,4,ma,fv1,speed_slow,train
dataset_noisy/speed_slow/tone4/ma_tone4_fv2.wav,4,ma,fv2,speed_slow,test
dataset_noisy/speed_slow/tone4/ma_tone4_fv3.wav,4,ma,fv3,speed_slow,train
dataset_noisy/speed_slow/tone4/ma_tone4_mv1.wav,4,ma,mv1,speed_slow,train
dataset_noisy/speed_slow/tone4/ma_tone4_mv2.wav,4,ma,mv2,speed_slow,train
dataset_noisy/speed_slow/tone4/ma_tone4_mv3.wav,4,ma,mv3,speed_slow,test
dataset_noisy/speed_slow/tone4/mi_tone4_fv1.wav,4,mi,fv1,speed_slow,train
dataset_noisy/speed_slow/tone4/mi_tone4_fv2.wav,4,mi,fv2,speed_slow,train
dataset_noisy/speed_slow/tone4/mi_tone4_fv3.wav,4,mi,fv3,speed_slow,val
dataset_noisy/speed_slow/tone4/mi_tone4_mv1.wav,4,mi,mv1,speed_slow,train
dataset_noisy/speed_slow/tone4/mi_tone4_mv2.wav,4,mi,mv2,speed_slow,train
dataset_noisy/speed_slow/tone4/mi_tone4_mv3.wav,4,mi,mv3,speed_slow,train
dataset_noisy/speed_slow/tone4/tai_tone4_fv1.wav,4,tai,fv1,speed_slow,test
dataset_noisy/speed_slow/tone4/tai_tone4_fv2.wav,4,tai,fv2,speed_slow,train
dataset_noisy/speed_slow/tone4/tai_tone4_fv3.wav,4,tai,fv3,speed_slow,test
dataset_noisy/speed_slow/tone4/tai_tone4_mv1.wav,4,tai,mv1,speed_slow,train
dataset_noisy/speed_slow/tone4/tai_tone4_mv2.wav,4,tai,mv2,speed_slow,train
dataset_noisy/speed_slow/tone4/tai_tone4_mv3.wav,4,tai,mv3,speed_slow,train
dataset_noisy/pitch_up/tone1/a_tone1_fv1.wav,1,a,fv1,pitch_up,train
dataset_noisy/pitch_up/tone1/a_tone1_fv2.wav,1,a,fv2,pitch_up,val
dataset_noisy/pitch_up/tone1/a_tone1_fv3.wav,1,a,fv3,pitch_up,val
dataset_noisy/pitch_up/tone1/a_tone1_mv1.wav,1,a,mv1,pitch_up,train
dataset_noisy/pitch_up/tone1/a_tone1_mv2.wav,1,a,mv2,pitch_up,train
dataset_noisy/pitch_up/tone1/a_tone1_mv3.wav,1,a,mv3,pitch_up,train
dataset_noisy/pitch_up/tone1/ai_tone1_fv1.wav,1,ai,fv1,pitch_up,train
dataset_noisy/pitch_up/tone1/ai_tone1_fv2.wav,1,ai,fv2,pitch_up,test
dataset_noisy/pitch_up/tone1/ai_tone1_fv3.wav,1,ai,fv3,pitch_up,train
dataset_noisy/pitch_up/tone1/ai_tone1_mv1.wav,1,ai,mv1,pitch_up,train
dataset_noisy/pitch_up/tone1/ai_tone1_mv2.wav,1,ai,mv2,pitch_up,test
dataset_noisy/pitch_up/tone1/ai_tone1_mv3.wav,1,ai,mv3,pitch_up,train
dataset_noisy/pitch_up/tone1/an_tone1_fv1.wav,1,an,fv1,pitch_up,train
dataset_noisy/pitch_up/tone1/an_tone1_fv2.wav,1,an,fv2,pitch_up,train
dataset_noisy/pitch_up/tone1/an_tone1_fv3.wav,1,an,fv3,pitch_up,train
dataset_noisy/pitch_up/tone1/an_tone1_mv1.wav,1,an,mv1,pitch_up,train
dataset_noisy/pitch_up/tone1/an_tone1_mv2.wav,1,an,mv2,pitch_up,train
dataset_noisy/pitch_up/tone1/an_tone1_mv3.wav,1,an,mv3,pitch_up,train
dataset_noisy/pitch_up/tone1/ba_tone1_fv1.wav,1,ba,fv1,pitch_up,test
dataset_noisy/pitch_up/tone1/ba_tone1_fv2.wav,1,ba,fv2,pitch_up,train
dataset_noisy/pitch_up/tone1/ba_tone1_fv3.wav,1,ba,fv3,pitch_up,val
dataset_noisy/pitch_up/tone1/ba_tone1_mv1.wav,1,ba,mv1,pitch_up,test
dataset_noisy/pitch_up/tone1/ba_tone1_mv2.wav,1,ba,mv2,pitch_up,test
dataset_noisy/pitch_up/tone1/ba_tone1_mv3.wav,1,ba,mv3,pitch_up,test
dataset_noisy/pitch_up/tone1/da_tone1_fv1.wav,1,da,fv1,pitch_up,train
dataset_noisy/pitch_up/tone1/da_tone1_fv2.wav,1,da,fv2,pitch_up,train
dataset_noisy/pitch_up/tone1/da_tone1_fv3.wav,1,da,fv3,pitch_up,train
dataset_noisy/pitch_up/tone1/da_tone1_mv1.wav,1,da,mv1,pitch_up,train
dataset_noisy/pitch_up/tone1/da_tone1_mv2.wav,1,da,mv2,pitch_up,train
dataset_noisy/pitch_up/tone1/da_tone1_mv3.wav,1,da,mv3,pitch_up,train
dataset_noisy/pitch_up/tone1/ma_tone1_fv1.wav,1,ma,fv1,pitch_up,train
dataset_noisy/pitch_up/tone1/ma_tone1_fv2.wav,1,ma,fv2,pitch_up,train
dataset_noisy/pitch_up/tone1/ma_tone1_fv3.wav,1,ma,fv3,pitch_up,train
dataset_noisy/pitch_up/tone1/ma_tone1_mv1.wav,1,ma,mv1,pitch_up,train
dataset_noisy/pitch_up/tone1/ma_tone1_mv2.wav,1,ma,mv2,pitch_up,train
dataset_noisy/pitch_up/tone1/ma_tone1_mv3.wav,1,ma,mv3,pitch_up,test
dataset_noisy/pitch_up/tone1/mi_tone1_fv1.wav,1,mi,fv1,pitch_up,train
dataset_noisy/pitch_up/tone1/mi_tone1_fv2.wav,1,mi,fv2,pitch_up,val
dataset_noisy/pitch_up/tone1/mi_tone1_fv3.wav,1,mi,fv3,pitch_up,val
dataset_noisy/pitch_up/tone1/mi_tone1_mv1.wav,1,mi,mv1,pitch_up,val
dataset_noisy/pitch_up/tone1/mi_tone1_mv2.wav,1,mi,mv2,pitch_up,train
dataset_noisy/pitch_up/tone1/mi_tone1_mv3.wav,1,mi,mv3,pitch_up,val
dataset_noisy/pitch_up/tone1/tai_tone1_fv1.wav,1,tai,fv1,pitch_up,test
dataset_noisy/pitch_up/tone1/tai_tone1_fv2.wav,1,tai,fv2,pitch_up,train
dataset_noisy/pitch_up/tone1/tai_tone1_fv3.wav,1,tai,fv3,pitch_up,train
dataset_noisy/pitch_up/tone1/tai_tone1_mv1.wav,1,tai,mv1,pitch_up,train
dataset_noisy/pitch_up/tone1/tai_tone1_mv2.wav,1,tai,mv2,pitch_up,train
dataset_noisy/pitch_up/tone1/tai_tone1_mv3.wav,1,tai,mv3,pitch_up,train
dataset_noisy/pitch_up/tone2/a_tone2_fv1.wav,2,a,fv1,pitch_up,train
dataset_noisy/pitch_up/tone2/a_tone2_fv2.wav,2,a,fv2,pitch_up,val
dataset_noisy/pitch_up/tone2/a_tone2_fv3.wav,2,a,fv3,pitch_up,train
dataset_noisy/pitch_up/tone2/a_tone2_mv1.wav,2,a,mv1,pitch_up,val
dataset_noisy/pitch_up/tone2/a_tone2_mv2.wav,2,a,mv2,pitch_up,train
dataset_noisy/pitch_up/tone2/a_tone2_mv3.wav,2,a,mv3,pitch_up,val
dataset_noisy/pitch_up/tone2/ai_tone2_fv1.wav,2,ai,fv1,pitch_up,val
dataset_noisy/pitch_up/tone2/ai_tone2_fv2.wav,2,ai,fv2,pitch_up,test
dataset_noisy/pitch_up/tone2/ai_tone2_fv3.wav,2,ai,fv3,pitch_up,train
dataset_noisy/pitch_up/tone2/ai_tone2_mv1.wav,2,ai,mv1,pitch_up,train
dataset_noisy/pitch_up/tone2/ai_tone2_mv2.wav,2,ai,mv2,pitch_up,train
dataset_noisy/pitch_up/tone2/ai_tone2_mv3.wav,2,ai,mv3,pitch_up,train
dataset_noisy/pitch_up/tone2/an_tone2_fv1.wav,2,an,fv1,pitch_up,train
dataset_noisy/pitch_up/tone2/an_tone2_fv2.wav,2,an,fv2,pitch_up,val
dataset_noisy/pitch_up/tone2/an_tone2_fv3.wav,2,an,fv3,pitch_up,train
dataset_noisy/pitch_up/tone2/an_tone2_mv1.wav,2,an,mv1,pitch_up,train
dataset_noisy/pitch_up/tone2/an_tone2_mv2.wav,2,an,mv2,pitch_up,test
dataset_noisy/pitch_up/tone2/an_tone2_mv3.wav,2,an,mv3,pitch_up,train
dataset_noisy/pitch_up/tone2/ba_tone2_fv1.wav,2,ba,fv1,pitch_up,train
dataset_noisy/pitch_up/tone2/ba_tone2_fv2.wav,2,ba,fv2,pitch_up,val
dataset_noisy/pitch_up/tone2/ba_tone2_fv3.wav,2,ba,fv3,pitch_up,train
dataset_noisy/pitch_up/tone2/ba_tone2_mv1.wav,2,ba,mv1,pitch_up,train
dataset_noisy/pitch_up/tone2/ba_tone2_mv2.wav,2,ba,mv2,pitch_up,train
dataset_noisy/pitch_up/tone2/ba_tone2_mv3.wav,2,ba,mv3,pitch_up,train
dataset_noisy/pitch_up/tone2/da_tone2_fv1.wav,2,da,fv1,pitch_up,train
dataset_noisy/pitch_up/tone2/da_tone2_fv2.wav,2,da,fv2,pitch_up,train
dataset_noisy/pitch_up/tone2/da_tone2_fv3.wav,2,da,fv3,pitch_up,train
dataset_noisy/pitch_up/tone2/da_tone2_mv1.wav,2,da,mv1,pitch_up,test
dataset_noisy/pitch_up/tone2/da_tone2_mv2.wav,2,da,mv2,pitch_up,train
dataset_noisy/pitch_up/tone2/da_tone2_mv3.wav,2,da,mv3,pitch_up,train
dataset_noisy/pitch_up/tone2/ma_tone2_fv1.wav,2,ma,fv1,pitch_up,train
dataset_noisy/pitch_up/tone2/ma_tone2_fv2.wav,2,ma,fv2,pitch_up,train
dataset_noisy/pitch_up/tone2/ma_tone2_fv3.wav,2,ma,fv3,pitch_up,train
dataset_noisy/pitch_up/tone2/ma_tone2_mv1.wav,2,ma,mv1,pitch_up,train
dataset_noisy/pitch_up/tone2/ma_tone2_mv2.wav,2,ma,mv2,pitch_up,val
dataset_noisy/pitch_up/tone2/ma_tone2_mv3.wav,2,ma,mv3,pitch_up,test
dataset_noisy/pitch_up/tone2/mi_tone2_fv1.wav,2,mi,fv1,pitch_up,train
dataset_noisy/pitch_up/tone2/mi_tone2_fv2.wav,2,mi,fv2,pitch_up,test
dataset_noisy/pitch_up/tone2/mi_tone2_fv3.wav,2,mi,fv3,pitch_up,train
dataset_noisy/pitch_up/tone2/mi_tone2_mv1.wav,2,mi,mv1,pitch_up,train
dataset_noisy/pitch_up/tone2/mi_tone2_mv2.wav,2,mi,mv2,pitch_up,train
dataset_noisy/pitch_up/tone2/mi_tone2_mv3.wav,2,mi,mv3,pitch_up,train
dataset_noisy/pitch_up/tone2/tai_tone2_fv1.wav,2,tai,fv1,pitch_up,train
dataset_noisy/pitch_up/tone2/tai_tone2_fv2.wav,2,tai,fv2,pitch_up,test
dataset_noisy/pitch_up/tone2/tai_tone2_fv3.wav,2,tai,fv3,pitch_up,train
dataset_noisy/pitch_up/tone2/tai_tone2_mv1.wav,2,tai,mv1,pitch_up,train
dataset_noisy/pitch_up/tone2/tai_tone2_mv2.wav,2,tai,mv2,pitch_up,train
dataset_noisy/pitch_up/tone2/tai_tone2_mv3.wav,2,tai,mv3,pitch_up,test
dataset_noisy/pitch_up/tone3/a_tone3_fv1.wav,3,a,fv1,pitch_up,train
dataset_noisy/pitch_up/tone3/a_tone3_fv2.wav,3,a,fv2,pitch_up,train
dataset_noisy/pitch_up/tone3/a_tone3_fv3.wav,3,a,fv3,pitch_up,train
dataset_noisy/pitch_up/tone3/a_tone3_mv1.wav,3,a,mv1,pitch_up,train
dataset_noisy/pitch_up/tone3/a_tone3_mv2.wav,3,a,mv2,pitch_up,test
dataset_noisy/pitch_up/tone3/a_tone3_mv3.wav,3,a,mv3,pitch_up,train
dataset_noisy/pitch_up/tone3/ai_tone3_fv1.wav,3,ai,fv1,pitch_up,test
dataset_noisy/pitch_up/tone3/ai_tone3_fv2.wav,3,ai,fv2,pitch_up,val
dataset_noisy/pitch_up/tone3/ai_tone3_fv3.wav,3,ai,fv3,pitch_up,test
dataset_noisy/pitch_up/tone3/ai_tone3_mv1.wav,3,ai,mv1,pitch_up,train
dataset_noisy/pitch_up/tone3/ai_tone3_mv2.wav,3,ai,mv2,pitch_up,train
dataset_noisy/pitch_up/tone3/ai_tone3_mv3.wav,3,ai,mv3,pitch_up,val
dataset_noisy/pitch_up/tone3/an_tone3_fv1.wav,3,an,fv1,pitch_up,train
dataset_noisy/pitch_up/tone3/an_tone3_fv2.wav,3,an,fv2,pitch_up,train
dataset_noisy/pitch_up/tone3/an_tone3_fv3.wav,3,an,fv3,pitch_up,train
dataset_noisy/pitch_up/tone3/an_tone3_mv1.wav,3,an,mv1,pitch_up,train
dataset_noisy/pitch_up/tone3/an_tone3_mv2.wav,3,an,mv2,pitch_up,val
dataset_noisy/pitch_up/tone3/an_tone3_mv3.wav,3,an,mv3,pitch_up,train
dataset_noisy/pitch_up/tone3/ba_tone3_fv1.wav,3,ba,fv1,pitch_up,train
dataset_noisy/pitch_up/tone3/ba_tone3_fv2.wav,3,ba,fv2,pitch_up,train
dataset_noisy/pitch_up/tone3/ba_tone3_fv3.wav,3,ba,fv3,pitch_up,train
dataset_noisy/pitch_up/tone3/ba_tone3_mv1.wav,3,ba,mv1,pitch_up,train
dataset_noisy/pitch_up/tone3/ba_tone3_mv2.wav,3,ba,mv2,pitch_up,train
dataset_noisy/pitch_up/tone3/ba_tone3_mv3.wav,3,ba,mv3,pitch_up,train
dataset_noisy/pitch_up/tone3/da_tone3_fv1.wav,3,da,fv1,pitch_up,train
dataset_noisy/pitch_up/tone3/da_tone3_fv2.wav,3,da,fv2,pitch_up,train
dataset_noisy/pitch_up/tone3/da_tone3_fv3.wav,3,da,fv3,pitch_up,train
dataset_noisy/pitch_up/tone3/da_tone3_mv1.wav,3,da,mv1,pitch_up,test
dataset_noisy/pitch_up/tone3/da_tone3_mv2.wav,3,da,mv2,pitch_up,train
dataset_noisy/pitch_up/tone3/da_tone3_mv3.wav,3,da,mv3,pitch_up,train
dataset_noisy/pitch_up/tone3/ma_tone3_fv1.wav,3,ma,fv1,pitch_up,train
dataset_noisy/pitch_up/tone3/ma_tone3_fv2.wav,3,ma,fv2,pitch_up,train
dataset_noisy/pitch_up/tone3/ma_tone3_fv3.wav,3,ma,fv3,pitch_up,test
dataset_noisy/pitch_up/tone3/ma_tone3_mv1.wav,3,ma,mv1,pitch_up,val
dataset_noisy/pitch_up/tone3/ma_tone3_mv2.wav,3,ma,mv2,pitch_up,val
dataset_noisy/pitch_up/tone3/ma_tone3_mv3.wav,3,ma,mv3,pitch_up,train
dataset_noisy/pitch_up/tone3/mi_tone3_fv1.wav,3,mi,fv1,pitch_up,train
dataset_noisy/pitch_up/tone3/mi_tone3_fv2.wav,3,mi,fv2,pitch_up,train
dataset_noisy/pitch_up/tone3/mi_tone3_fv3.wav,3,mi,fv3,pitch_up,test
dataset_noisy/pitch_up/tone3/mi_tone3_mv1.wav,3,mi,mv1,pitch_up,train
dataset_noisy/pitch_up/tone3/mi_tone3_mv2.wav,3,mi,mv2,pitch_up,train
dataset_noisy/pitch_up/tone3/mi_tone3_mv3.wav,3,mi,mv3,pitch_up,val
dataset_noisy/pitch_up/tone3/tai_tone3_fv1.wav,3,tai,fv1,pitch_up,train
dataset_noisy/pitch_up/tone3/tai_tone3_fv2.wav,3,tai,fv2,pitch_up,val
dataset_noisy/pitch_up/tone3/tai_tone3_fv3.wav,3,tai,fv3,pitch_up,train
dataset_noisy/pitch_up/tone3/tai_tone3_mv1.wav,3,tai,mv1,pitch_up,test
dataset_noisy/pitch_up/tone3/tai_tone3_mv2.wav,3,tai,mv2,pitch_up,val
dataset_noisy/pitch_up/tone3/tai_tone3_mv3.wav,3,tai,mv3,pitch_up,train
dataset_noisy/pitch_up/tone4/a_tone4_fv1.wav,4,a,fv1,pitch_up,train
dataset_noisy/pitch_up/tone4/a_tone4_fv2.wav,4,a,fv2,pitch_up,test
dataset_noisy/pitch_up/tone4/a_tone4_fv3.wav,4,a,fv3,pitch_up,train
dataset_noisy/pitch_up/tone4/a_tone4_mv1.wav,4,a,mv1,pitch_up,train
dataset_noisy/pitch_up/tone4/a_tone4_mv2.wav,4,a,mv2,pitch_up,train
dataset_noisy/pitch_up/tone4/a_tone4_mv3.wav,4,a,mv3,pitch_up,val
dataset_noisy/pitch_up/tone4/ai_tone4_fv1.wav,4,ai,fv1,pitch_up,val
dataset_noisy/pitch_up/tone4/ai_tone4_fv2.wav,4,ai,fv2,pitch_up,train
dataset_noisy/pitch_up/tone4/ai_tone4_fv3.wav,4,ai,fv3,pitch_up,train
dataset_noisy/pitch_up/tone4/ai_tone4_mv1.wav,4,ai,mv1,pitch_up,train
dataset_noisy/pitch_up/tone4/ai_tone4_mv2.wav,4,ai,mv2,pitch_up,train
dataset_noisy/pitch_up/tone4/ai_tone4_mv3.wav,4,ai,mv3,pitch_up,train
dataset_noisy/pitch_up/tone4/an_tone4_fv1.wav,4,an,fv1,pitch_up,val
dataset_noisy/pitch_up/tone4/an_tone4_fv2.wav,4,an,fv2,pitch_up,train
dataset_noisy/pitch_up/tone4/an_tone4_fv3.wav,4,an,fv3,pitch_up,val
dataset_noisy/pitch_up/tone4/an_tone4_mv1.wav,4,an,mv1,pitch_up,train
dataset_noisy/pitch_up/tone4/an_tone4_mv2.wav,4,an,mv2,pitch_up,train
dataset_noisy/pitch_up/tone4/an_tone4_mv3.wav,4,an,mv3,pitch_up,train
dataset_noisy/pitch_up/tone4/ba_tone4_fv1.wav,4,ba,fv1,pitch_up,train
dataset_noisy/pitch_up/tone4/ba_tone4_fv2.wav,4,ba,fv2,pitch_up,train
dataset_noisy/pitch_up/tone4/ba_tone4_fv3.wav,4,ba,fv3,pitch_up,train
dataset_noisy/pitch_up/tone4/ba_tone4_mv1.wav,4,ba,mv1,pitch_up,val
dataset_noisy/pitch_up/tone4/ba_tone4_mv2.wav,4,ba,mv2,pitch_up,test
dataset_noisy/pitch_up/tone4/ba_tone4_mv3.wav,4,ba,mv3,pitch_up,train
dataset_noisy/pitch_up/tone4/da_tone4_fv1.wav,4,da,fv1,pitch_up,train
dataset_noisy/pitch_up/tone4/da_tone4_fv2.wav,4,da,fv2,pitch_up,train
dataset_noisy/pitch_up/tone4/da_tone4_fv3.wav,4,da,fv3,pitch_up,train
dataset_noisy/pitch_up/tone4/da_tone4_mv1.wav,4,da,mv1,pitch_up,val
dataset_noisy/pitch_up/tone4/da_tone4_mv2.wav,4,da,mv2,pitch_up,test
dataset_noisy/pitch_up/tone4/da_tone4_mv3.wav,4,da,mv3,pitch_up,train
dataset_noisy/pitch_up/tone4/ma_tone4_fv1.wav,4,ma,fv1,pitch_up,train
dataset_noisy/pitch_up/tone4/ma_tone4_fv2.wav,4,ma,fv2,pitch_up,test
dataset_noisy/pitch_up/tone4/ma_tone4_fv3.wav,4,ma,fv3,pitch_up,train
dataset_noisy/pitch_up/tone4/ma_tone4_mv1.wav,4,ma,mv1,pitch_up,train
dataset_noisy/pitch_up/tone4/ma_tone4_mv2.wav,4,ma,mv2,pitch_up,train
dataset_noisy/pitch_up/tone4/ma_tone4_mv3.wav,4,ma,mv3,pitch_up,test
dataset_noisy/pitch_up/tone4/mi_tone4_fv1.wav,4,mi,fv1,pitch_up,train
dataset_noisy/pitch_up/tone4/mi_tone4_fv2.wav,4,mi,fv2,pitch_up,train
dataset_noisy/pitch_up/tone4/mi_tone4_fv3.wav,4,mi,fv3,pitch_up,val
dataset_noisy/pitch_up/tone4/mi_tone4_mv1.wav,4,mi,mv1,pitch_up,train
dataset_noisy/pitch_up/tone4/mi_tone4_mv2.wav,4,mi,mv2,pitch_up,train
dataset_noisy/pitch_up/tone4/mi_tone4_mv3.wav,4,mi,mv3,pitch_up,train
dataset_noisy/pitch_up/tone4/tai_tone4_fv1.wav,4,tai,fv1,pitch_up,test
dataset_noisy/pitch_up/tone4/tai_tone4_fv2.wav,4,tai,fv2,pitch_up,train
dataset_noisy/pitch_up/tone4/tai_tone4_fv3.wav,4,tai,fv3,pitch_up,test
dataset_noisy/pitch_up/tone4/tai_tone4_mv1.wav,4,tai,mv1,pitch_up,train
dataset_noisy/pitch_up/tone4/tai_tone4_mv2.wav,4,tai,mv2,pitch_up,train
dataset_noisy/pitch_up/tone4/tai_tone4_mv3.wav,4,tai,mv3,pitch_up,train
dataset_noisy/pitch_down/tone1/a_tone1_fv1.wav,1,a,fv1,pitch_down,train
dataset_noisy/pitch_down/tone1/a_tone1_fv2.wav,1,a,fv2,pitch_down,val
dataset_noisy/pitch_down/tone1/a_tone1_fv3.wav,1,a,fv3,pitch_down,val
dataset_noisy/pitch_down/tone1/a_tone1_mv1.wav,1,a,mv1,pitch_down,train
dataset_noisy/pitch_down/tone1/a_tone1_mv2.wav,1,a,mv2,pitch_down,train
dataset_noisy/pitch_down/tone1/a_tone1_mv3.wav,1,a,mv3,pitch_down,train
dataset_noisy/pitch_down/tone1/ai_tone1_fv1.wav,1,ai,fv1,pitch_down,train
dataset_noisy/pitch_down/tone1/ai_tone1_fv2.wav,1,ai,fv2,pitch_down,test
dataset_noisy/pitch_down/tone1/ai_tone1_fv3.wav,1,ai,fv3,pitch_down,train
dataset_noisy/pitch_down/tone1/ai_tone1_mv1.wav,1,ai,mv1,pitch_down,train
dataset_noisy/pitch_down/tone1/ai_tone1_mv2.wav,1,ai,mv2,pitch_down,test
dataset_noisy/pitch_down/tone1/ai_tone1_mv3.wav,1,ai,mv3,pitch_down,train
dataset_noisy/pitch_down/tone1/an_tone1_fv1.wav,1,an,fv1,pitch_down,train
dataset_noisy/pitch_down/tone1/an_tone1_fv2.wav,1,an,fv2,pitch_down,train
dataset_noisy/pitch_down/tone1/an_tone1_fv3.wav,1,an,fv3,pitch_down,train
dataset_noisy/pitch_down/tone1/an_tone1_mv1.wav,1,an,mv1,pitch_down,train
dataset_noisy/pitch_down/tone1/an_tone1_mv2.wav,1,an,mv2,pitch_down,train
dataset_noisy/pitch_down/tone1/an_tone1_mv3.wav,1,an,mv3,pitch_down,train
dataset_noisy/pitch_down/tone1/ba_tone1_fv1.wav,1,ba,fv1,pitch_down,test
dataset_noisy/pitch_down/tone1/ba_tone1_fv2.wav,1,ba,fv2,pitch_down,train
dataset_noisy/pitch_down/tone1/ba_tone1_fv3.wav,1,ba,fv3,pitch_down,val
dataset_noisy/pitch_down/tone1/ba_tone1_mv1.wav,1,ba,mv1,pitch_down,test
dataset_noisy/pitch_down/tone1/ba_tone1_mv2.wav,1,ba,mv2,pitch_down,test
dataset_noisy/pitch_down/tone1/ba_tone1_mv3.wav,1,ba,mv3,pitch_down,test
dataset_noisy/pitch_down/tone1/da_tone1_fv1.wav,1,da,fv1,pitch_down,train
dataset_noisy/pitch_down/tone1/da_tone1_fv2.wav,1,da,fv2,pitch_down,train
dataset_noisy/pitch_down/tone1/da_tone1_fv3.wav,1,da,fv3,pitch_down,train
dataset_noisy/pitch_down/tone1/da_tone1_mv1.wav,1,da,mv1,pitch_down,train
dataset_noisy/pitch_down/tone1/da_tone1_mv2.wav,1,da,mv2,pitch_down,train
dataset_noisy/pitch_down/tone1/da_tone1_mv3.wav,1,da,mv3,pitch_down,train
dataset_noisy/pitch_down/tone1/ma_tone1_fv1.wav,1,ma,fv1,pitch_down,train
dataset_noisy/pitch_down/tone1/ma_tone1_fv2.wav,1,ma,fv2,pitch_down,train
dataset_noisy/pitch_down/tone1/ma_tone1_fv3.wav,1,ma,fv3,pitch_down,train
dataset_noisy/pitch_down/tone1/ma_tone1_mv1.wav,1,ma,mv1,pitch_down,train
dataset_noisy/pitch_down/tone1/ma_tone1_mv2.wav,1,ma,mv2,pitch_down,train
dataset_noisy/pitch_down/tone1/ma_tone1_mv3.wav,1,ma,mv3,pitch_down,test
dataset_noisy/pitch_down/tone1/mi_tone1_fv1.wav,1,mi,fv1,pitch_down,train
dataset_noisy/pitch_down/tone1/mi_tone1_fv2.wav,1,mi,fv2,pitch_down,val
dataset_noisy/pitch_down/tone1/mi_tone1_fv3.wav,1,mi,fv3,pitch_down,val
dataset_noisy/pitch_down/tone1/mi_tone1_mv1.wav,1,mi,mv1,pitch_down,val
dataset_noisy/pitch_down/tone1/mi_tone1_mv2.wav,1,mi,mv2,pitch_down,train
dataset_noisy/pitch_down/tone1/mi_tone1_mv3.wav,1,mi,mv3,pitch_down,val
dataset_noisy/pitch_down/tone1/tai_tone1_fv1.wav,1,tai,fv1,pitch_down,test
dataset_noisy/pitch_down/tone1/tai_tone1_fv2.wav,1,tai,fv2,pitch_down,train
dataset_noisy/pitch_down/tone1/tai_tone1_fv3.wav,1,tai,fv3,pitch_down,train
dataset_noisy/pitch_down/tone1/tai_tone1_mv1.wav,1,tai,mv1,pitch_down,train
dataset_noisy/pitch_down/tone1/tai_tone1_mv2.wav,1,tai,mv2,pitch_down,train
dataset_noisy/pitch_down/tone1/tai_tone1_mv3.wav,1,tai,mv3,pitch_down,train
dataset_noisy/pitch_down/tone2/a_tone2_fv1.wav,2,a,fv1,pitch_down,train
dataset_noisy/pitch_down/tone2/a_tone2_fv2.wav,2,a,fv2,pitch_down,val
dataset_noisy/pitch_down/tone2/a_tone2_fv3.wav,2,a,fv3,pitch_down,train
dataset_noisy/pitch_down/tone2/a_tone2_mv1.wav,2,a,mv1,pitch_down,val
dataset_noisy/pitch_down/tone2/a_tone2_mv2.wav,2,a,mv2,pitch_down,train
dataset_noisy/pitch_down/tone2/a_tone2_mv3.wav,2,a,mv3,pitch_down,val
dataset_noisy/pitch_down/tone2/ai_tone2_fv1.wav,2,ai,fv1,pitch_down,val
dataset_noisy/pitch_down/tone2/ai_tone2_fv2.wav,2,ai,fv2,pitch_down,test
dataset_noisy/pitch_down/tone2/ai_tone2_fv3.wav,2,ai,fv3,pitch_down,train
dataset_noisy/pitch_down/tone2/ai_tone2_mv1.wav,2,ai,mv1,pitch_down,train
dataset_noisy/pitch_down/tone2/ai_tone2_mv2.wav,2,ai,mv2,pitch_down,train
dataset_noisy/pitch_down/tone2/ai_tone2_mv3.wav,2,ai,mv3,pitch_down,train
dataset_noisy/pitch_down/tone2/an_tone2_fv1.wav,2,an,fv1,pitch_down,train
dataset_noisy/pitch_down/tone2/an_tone2_fv2.wav,2,an,fv2,pitch_down,val
dataset_noisy/pitch_down/tone2/an_tone2_fv3.wav,2,an,fv3,pitch_down,train
dataset_noisy/pitch_down/tone2/an_tone2_mv1.wav,2,an,mv1,pitch_down,train
dataset_noisy/pitch_down/tone2/an_tone2_mv2.wav,2,an,mv2,pitch_down,test
dataset_noisy/pitch_down/tone2/an_tone2_mv3.wav,2,an,mv3,pitch_down,train
dataset_noisy/pitch_down/tone2/ba_tone2_fv1.wav,2,ba,fv1,pitch_down,train
dataset_noisy/pitch_down/tone2/ba_tone2_fv2.wav,2,ba,fv2,pitch_down,val
dataset_noisy/pitch_down/tone2/ba_tone2_fv3.wav,2,ba,fv3,pitch_down,train
dataset_noisy/pitch_down/tone2/ba_tone2_mv1.wav,2,ba,mv1,pitch_down,train
dataset_noisy/pitch_down/tone2/ba_tone2_mv2.wav,2,ba,mv2,pitch_down,train
dataset_noisy/pitch_down/tone2/ba_tone2_mv3.wav,2,ba,mv3,pitch_down,train
dataset_noisy/pitch_down/tone2/da_tone2_fv1.wav,2,da,fv1,pitch_down,train
dataset_noisy/pitch_down/tone2/da_tone2_fv2.wav,2,da,fv2,pitch_down,train
dataset_noisy/pitch_down/tone2/da_tone2_fv3.wav,2,da,fv3,pitch_down,train
dataset_noisy/pitch_down/tone2/da_tone2_mv1.wav,2,da,mv1,pitch_down,test
dataset_noisy/pitch_down/tone2/da_tone2_mv2.wav,2,da,mv2,pitch_down,train
dataset_noisy/pitch_down/tone2/da_tone2_mv3.wav,2,da,mv3,pitch_down,train
dataset_noisy/pitch_down/tone2/ma_tone2_fv1.wav,2,ma,fv1,pitch_down,train
dataset_noisy/pitch_down/tone2/ma_tone2_fv2.wav,2,ma,fv2,pitch_down,train
dataset_noisy/pitch_down/tone2/ma_tone2_fv3.wav,2,ma,fv3,pitch_down,train
dataset_noisy/pitch_down/tone2/ma_tone2_mv1.wav,2,ma,mv1,pitch_down,train
dataset_noisy/pitch_down/tone2/ma_tone2_mv2.wav,2,ma,mv2,pitch_down,val
dataset_noisy/pitch_down/tone2/ma_tone2_mv3.wav,2,ma,mv3,pitch_down,test
dataset_noisy/pitch_down/tone2/mi_tone2_fv1.wav,2,mi,fv1,pitch_down,train
dataset_noisy/pitch_down/tone2/mi_tone2_fv2.wav,2,mi,fv2,pitch_down,test
dataset_noisy/pitch_down/tone2/mi_tone2_fv3.wav,2,mi,fv3,pitch_down,train
dataset_noisy/pitch_down/tone2/mi_tone2_mv1.wav,2,mi,mv1,pitch_down,train
dataset_noisy/pitch_down/tone2/mi_tone2_mv2.wav,2,mi,mv2,pitch_down,train
dataset_noisy/pitch_down/tone2/mi_tone2_mv3.wav,2,mi,mv3,pitch_down,train
dataset_noisy/pitch_down/tone2/tai_tone2_fv1.wav,2,tai,fv1,pitch_down,train
dataset_noisy/pitch_down/tone2/tai_tone2_fv2.wav,2,tai,fv2,pitch_down,test
dataset_noisy/pitch_down/tone2/tai_tone2_fv3.wav,2,tai,fv3,pitch_down,train
dataset_noisy/pitch_down/tone2/tai_tone2_mv1.wav,2,tai,mv1,pitch_down,train
dataset_noisy/pitch_down/tone2/tai_tone2_mv2.wav,2,tai,mv2,pitch_down,train
dataset_noisy/pitch_down/tone2/tai_tone2_mv3.wav,2,tai,mv3,pitch_down,test
dataset_noisy/pitch_down/tone3/a_tone3_fv1.wav,3,a,fv1,pitch_down,train
dataset_noisy/pitch_down/tone3/a_tone3_fv2.wav,3,a,fv2,pitch_down,train
dataset_noisy/pitch_down/tone3/a_tone3_fv3.wav,3,a,fv3,pitch_down,train
dataset_noisy/pitch_down/tone3/a_tone3_mv1.wav,3,a,mv1,pitch_down,train
dataset_noisy/pitch_down/tone3/a_tone3_mv2.wav,3,a,mv2,pitch_down,test
dataset_noisy/pitch_down/tone3/a_tone3_mv3.wav,3,a,mv3,pitch_down,train
dataset_noisy/pitch_down/tone3/ai_tone3_fv1.wav,3,ai,fv1,pitch_down,test
dataset_noisy/pitch_down/tone3/ai_tone3_fv2.wav,3,ai,fv2,pitch_down,val
dataset_noisy/pitch_down/tone3/ai_tone3_fv3.wav,3,ai,fv3,pitch_down,test
dataset_noisy/pitch_down/tone3/ai_tone3_mv1.wav,3,ai,mv1,pitch_down,train
dataset_noisy/pitch_down/tone3/ai_tone3_mv2.wav,3,ai,mv2,pitch_down,train
dataset_noisy/pitch_down/tone3/ai_tone3_mv3.wav,3,ai,mv3,pitch_down,val
dataset_noisy/pitch_down/tone3/an_tone3_fv1.wav,3,an,fv1,pitch_down,train
dataset_noisy/pitch_down/tone3/an_tone3_fv2.wav,3,an,fv2,pitch_down,train
dataset_noisy/pitch_down/tone3/an_tone3_fv3.wav,3,an,fv3,pitch_down,train
dataset_noisy/pitch_down/tone3/an_tone3_mv1.wav,3,an,mv1,pitch_down,train
dataset_noisy/pitch_down/tone3/an_tone3_mv2.wav,3,an,mv2,pitch_down,val
dataset_noisy/pitch_down/tone3/an_tone3_mv3.wav,3,an,mv3,pitch_down,train
dataset_noisy/pitch_down/tone3/ba_tone3_fv1.wav,3,ba,fv1,pitch_down,train
dataset_noisy/pitch_down/tone3/ba_tone3_fv2.wav,3,ba,fv2,pitch_down,train
dataset_noisy/pitch_down/tone3/ba_tone3_fv3.wav,3,ba,fv3,pitch_down,train
dataset_noisy/pitch_down/tone3/ba_tone3_mv1.wav,3,ba,mv1,pitch_down,train
dataset_noisy/pitch_down/tone3/ba_tone3_mv2.wav,3,ba,mv2,pitch_down,train
dataset_noisy/pitch_down/tone3/ba_tone3_mv3.wav,3,ba,mv3,pitch_down,train
dataset_noisy/pitch_down/tone3/da_tone3_fv1.wav,3,da,fv1,pitch_down,train
dataset_noisy/pitch_down/tone3/da_tone3_fv2.wav,3,da,fv2,pitch_down,train
dataset_noisy/pitch_down/tone3/da_tone3_fv3.wav,3,da,fv3,pitch_down,train
dataset_noisy/pitch_down/tone3/da_tone3_mv1.wav,3,da,mv1,pitch_down,test
dataset_noisy/pitch_down/tone3/da_tone3_mv2.wav,3,da,mv2,pitch_down,train
dataset_noisy/pitch_down/tone3/da_tone3_mv3.wav,3,da,mv3,pitch_down,train
dataset_noisy/pitch_down/tone3/ma_tone3_fv1.wav,3,ma,fv1,pitch_down,train
dataset_noisy/pitch_down/tone3/ma_tone3_fv2.wav,3,ma,fv2,pitch_down,train
dataset_noisy/pitch_down/tone3/ma_tone3_fv3.wav,3,ma,fv3,pitch_down,test
dataset_noisy/pitch_down/tone3/ma_tone3_mv1.wav,3,ma,mv1,pitch_down,val
dataset_noisy/pitch_down/tone3/ma_tone3_mv2.wav,3,ma,mv2,pitch_down,val
dataset_noisy/pitch_down/tone3/ma_tone3_mv3.wav,3,ma,mv3,pitch_down,train
dataset_noisy/pitch_down/tone3/mi_tone3_fv1.wav,3,mi,fv1,pitch_down,train
dataset_noisy/pitch_down/tone3/mi_tone3_fv2.wav,3,mi,fv2,pitch_down,train
dataset_noisy/pitch_down/tone3/mi_tone3_fv3.wav,3,mi,fv3,pitch_down,test
dataset_noisy/pitch_down/tone3/mi_tone3_mv1.wav,3,mi,mv1,pitch_down,train
dataset_noisy/pitch_down/tone3/mi_tone3_mv2.wav,3,mi,mv2,pitch_down,train
dataset_noisy/pitch_down/tone3/mi_tone3_mv3.wav,3,mi,mv3,pitch_down,val
dataset_noisy/pitch_down/tone3/tai_tone3_fv1.wav,3,tai,fv1,pitch_down,train
dataset_noisy/pitch_down/tone3/tai_tone3_fv2.wav,3,tai,fv2,pitch_down,val
dataset_noisy/pitch_down/tone3/tai_tone3_fv3.wav,3,tai,fv3,pitch_down,train
dataset_noisy/pitch_down/tone3/tai_tone3_mv1.wav,3,tai,mv1,pitch_down,test
dataset_noisy/pitch_down/tone3/tai_tone3_mv2.wav,3,tai,mv2,pitch_down,val
dataset_noisy/pitch_down/tone3/tai_tone3_mv3.wav,3,tai,mv3,pitch_down,train
dataset_noisy/pitch_down/tone4/a_tone4_fv1.wav,4,a,fv1,pitch_down,train
dataset_noisy/pitch_down/tone4/a_tone4_fv2.wav,4,a,fv2,pitch_down,test
dataset_noisy/pitch_down/tone4/a_tone4_fv3.wav,4,a,fv3,pitch_down,train
dataset_noisy/pitch_down/tone4/a_tone4_mv1.wav,4,a,mv1,pitch_down,train
dataset_noisy/pitch_down/tone4/a_tone4_mv2.wav,4,a,mv2,pitch_down,train
dataset_noisy/pitch_down/tone4/a_tone4_mv3.wav,4,a,mv3,pitch_down,val
dataset_noisy/pitch_down/tone4/ai_tone4_fv1.wav,4,ai,fv1,pitch_down,val
dataset_noisy/pitch_down/tone4/ai_tone4_fv2.wav,4,ai,fv2,pitch_down,train
dataset_noisy/pitch_down/tone4/ai_tone4_fv3.wav,4,ai,fv3,pitch_down,train
dataset_noisy/pitch_down/tone4/ai_tone4_mv1.wav,4,ai,mv1,pitch_down,train
dataset_noisy/pitch_down/tone4/ai_tone4_mv2.wav,4,ai,mv2,pitch_down,train
dataset_noisy/pitch_down/tone4/ai_tone4_mv3.wav,4,ai,mv3,pitch_down,train
dataset_noisy/pitch_down/tone4/an_tone4_fv1.wav,4,an,fv1,pitch_down,val
dataset_noisy/pitch_down/tone4/an_tone4_fv2.wav,4,an,fv2,pitch_down,train
dataset_noisy/pitch_down/tone4/an_tone4_fv3.wav,4,an,fv3,pitch_down,val
dataset_noisy/pitch_down/tone4/an_tone4_mv1.wav,4,an,mv1,pitch_down,train
dataset_noisy/pitch_down/tone4/an_tone4_mv2.wav,4,an,mv2,pitch_down,train
dataset_noisy/pitch_down/tone4/an_tone4_mv3.wav,4,an,mv3,pitch_down,train
dataset_noisy/pitch_down/tone4/ba_tone4_fv1.wav,4,ba,fv1,pitch_down,train
dataset_noisy/pitch_down/tone4/ba_tone4_fv2.wav,4,ba,fv2,pitch_down,train
dataset_noisy/pitch_down/tone4/ba_tone4_fv3.wav,4,ba,fv3,pitch_down,train
dataset_noisy/pitch_down/tone4/ba_tone4_mv1.wav,4,ba,mv1,pitch_down,val
dataset_noisy/pitch_down/tone4/ba_tone4_mv2.wav,4,ba,mv2,pitch_down,test
dataset_noisy/pitch_down/tone4/ba_tone4_mv3.wav,4,ba,mv3,pitch_down,train
dataset_noisy/pitch_down/tone4/da_tone4_fv1.wav,4,da,fv1,pitch_down,train
dataset_noisy/pitch_down/tone4/da_tone4_fv2.wav,4,da,fv2,pitch_down,train
dataset_noisy/pitch_down/tone4/da_tone4_fv3.wav,4,da,fv3,pitch_down,train
dataset_noisy/pitch_down/tone4/da_tone4_mv1.wav,4,da,mv1,pitch_down,val
dataset_noisy/pitch_down/tone4/da_tone4_mv2.wav,4,da,mv2,pitch_down,test
dataset_noisy/pitch_down/tone4/da_tone4_mv3.wav,4,da,mv3,pitch_down,train
dataset_noisy/pitch_down/tone4/ma_tone4_fv1.wav,4,ma,fv1,pitch_down,train
dataset_noisy/pitch_down/tone4/ma_tone4_fv2.wav,4,ma,fv2,pitch_down,test
dataset_noisy/pitch_down/tone4/ma_tone4_fv3.wav,4,ma,fv3,pitch_down,train
dataset_noisy/pitch_down/tone4/ma_tone4_mv1.wav,4,ma,mv1,pitch_down,train
dataset_noisy/pitch_down/tone4/ma_tone4_mv2.wav,4,ma,mv2,pitch_down,train
dataset_noisy/pitch_down/tone4/ma_tone4_mv3.wav,4,ma,mv3,pitch_down,test
dataset_noisy/pitch_down/tone4/mi_tone4_fv1.wav,4,mi,fv1,pitch_down,train
dataset_noisy/pitch_down/tone4/mi_tone4_fv2.wav,4,mi,fv2,pitch_down,train
dataset_noisy/pitch_down/tone4/mi_tone4_fv3.wav,4,mi,fv3,pitch_down,val
dataset_noisy/pitch_down/tone4/mi_tone4_mv1.wav,4,mi,mv1,pitch_down,train
dataset_noisy/pitch_down/tone4/mi_tone4_mv2.wav,4,mi,mv2,pitch_down,train
dataset_noisy/pitch_down/tone4/mi_tone4_mv3.wav,4,mi,mv3,pitch_down,train
dataset_noisy/pitch_down/tone4/tai_tone4_fv1.wav,4,tai,fv1,pitch_down,test
dataset_noisy/pitch_down/tone4/tai_tone4_fv2.wav,4,tai,fv2,pitch_down,train
dataset_noisy/pitch_down/tone4/tai_tone4_fv3.wav,4,tai,fv3,pitch_down,test
dataset_noisy/pitch_down/tone4/tai_tone4_mv1.wav,4,tai,mv1,pitch_down,train
dataset_noisy/pitch_down/tone4/tai_tone4_mv2.wav,4,tai,mv2,pitch_down,train
dataset_noisy/pitch_down/tone4/tai_tone4_mv3.wav,4,tai,mv3,pitch_down,train
